Console,Game,Collection,Genre,,Time,Score,Video,Speedrun,,,,Active,Done,
3DS,Angry Birds Trilogy,,Arcade,,OK,,,,,,,,,
3DS,Castlevania: Lords of Shadow: Mirror of Fate,,Platformer,,Emulator issues,,,,,,,,,
3DS,Kid Icarus Uprising,,Shooter,,OK,,,,,,,,,
3DS,Kirby Triple Deluxe,,Platformer,,Emulator issues,,,,,,,,,
3DS,Kirby: Planet Robobot,,Platformer,,Emulator issues,,,,,,,,,
3DS,Mario Kart 7,,Racing,,OK,,,,,1,,,,
3DS,Metroid: Samus Returns,,Adventure/Platformer,,OK,,,,,2,,,,
3DS,New Super Mario Bros. 2,,Platformer,,OK,,,,,3,,,,
3DS,Picross 3D: Round 2,,Puzzle,,Emulator issues,,,,,4,,,,
3DS,Pokémon Omega Ruby,,RPG,,Emulator issues,,,,,5,,,,
3DS,Pokémon Sun,,RPG,,Emulator issues,,,,,6,,,,
3DS,Professor Layton and the Miracle Mask,,Puzzle,,Emulator issues,,,,,7,,,,
3DS,Ridge Racer 3D,,Racing,,Emulator issues,,,,,8,,,,
3DS,Scribblenauts Unlimited,,Puzzle,,Emulator issues,,,,,9,,,,
3DS,Skylanders: Spyro's Adventure,,Platformer,,Emulator issues,,,,,10,,,,
3DS,Starfox 64 3D,,Shmup,,Emulator issues,,,,,,,,,
3DS,Super Mario 3D Land,,Platformer,,OK,,,,,,,,,
3DS,Super Pokémon Rumble,,Beat 'm Up,,Emulator issues,,,,,,,,,
3DS,Tetris,,Puzzle,,6:42:35,4,https://youtu.be/99OkBVVSQ08,,,,,x,x,
3DS,The Legend of Zelda: A Link Between Worlds,,Action/Adventure,,Emulator issues,,,,,,,,,
3DS,The Legend of Zelda: Ocarina of Time 3D,,Action/Adventure,,OK,,,,,,,,,
3DS,The Legend of Zelda: Tri Force Heroes,,Action/Adventure,,Emulator issues,,,,,,,,,
3DS,Yoshi's New Island,,Platformer,,Emulator issues,,,,,,,,,
3DS Downloads,3D Classics: Kid Icarus,,Platformer,,OK,,,,,,,,,
3DS Downloads,Pokémon Picross,,Puzzle,,OK,,,,,,,,,
Amiga,Classic Arcadia / Baby Arcadia,,Arcade,,,,,,,,,x,,
Amiga,Cosmic Spacehead,,Adventure/Platformer,,,,,,,,,x,,
Amiga,Fantastic Dizzy,,Adventure/Platformer,,,,,,,,,x,,
Amiga,Golden Axe,,Beat 'm Up,,1:30:55,5,https://youtu.be/4b4D6poYOCc,,,,,x,x,
Amiga,Ivan 'Ironman' Stewart's Super Off Road,,Racing,,,,,,,,,x,,
Amiga,Lemmings,,Puzzle,,,,,,,,,x,,
Amiga,Marvin's Marvelous Adventure,,Platformer,,4:25:53,5,https://youtu.be/Cz54C5uK3kQ,,,,,x,x,
Amiga,Pinball Magic,,Pinball,,,,,,,,,x,,
Amiga,Pinball Mania,,Pinball,,0:48:59,7,https://youtu.be/XmVAYdoXTd8,,,,,x,x,
Amiga,Shadow Warriors,,Beat 'm Up,,,,,,,,,x,,
Amiga,Tactical Manager 2,,Sports,,,,,,,,,x,,
Amiga,The Simpsons: Bart Vs. The Space Mutants,,Adventure/Platformer,,,,,,,,,x,,
Amiga,Total Recall,,Platformer,,5:28:49,7,https://www.youtube.com/playlist?list=PLlNqyLg7AQBBup0s1mWBAOC-oIrgyx2DJ,,,,,x,x,
Amiga,ZeeWolf 2: Wild Justice,,Flight Sim.,,,,,,,,,x,,
Amiga CD32,Alfred Chicken,,Platformer,,5:29:23,7,https://www.youtube.com/playlist?list=PLlNqyLg7AQBBZ1Dl0ALKVrvxpgr08TwpV,,,,,x,x,
Amiga CD32,Beavers,,Platformer,,2:23:46,5,https://youtu.be/irathOfsA3U,,,,,x,x,
Amiga CD32,Brian the Lion,,Platformer,,,,,,,,,x,,
Amiga CD32,Diggers,,Puzzle,,,,,,,,,x,,
Amiga CD32,Fire & Ice: The Daring Adventures of Cool Coyote,,Platformer,,,,,,,,,x,,
Amiga CD32,Liberation,,Adventure,,,,,,,,,x,,
Amiga CD32,Litil Devil,,Adventure,,,,,,,,,x,,
Amiga CD32,Lunar-C,,Shmup,,,,,,,,,x,,
Amiga CD32,Oscar,,Platformer,,,,,,,,,x,,
Amiga CD32,Overkill,,Shmup,,,,,,,,,x,,
Amiga CD32,Pierre le Chef is... Out to Lunch,,Platformer,,,,,,,,,x,,
Amiga CD32,Rise of the Robots,,Fighting,,,,,,,,,x,,
Amiga CD32,Shadow Fighter,,Fighting,,,,,,,,,x,,
Atari 2600,Haunted House,,Adventure,,,,,,,,,x,,
Atari 2600,Kangaroo,,Platformer,,,,,,,,,x,,
Atari 2600,Missile Command,,Shmup,,,,,,,,,x,,
Atari 2600,Ms. Pac-Man,,Arcade,,,,,,,,,x,,
Atari 2600,Pac-Man,,Arcade,,,,,,,,,x,,
Atari 2600,Pole Position,,Racing,,,,,,,,,x,,
Atari 2600,Realsports Tennis,,Sports,,1:22:39,7,https://youtu.be/VVzIstWtgZw,,,,,x,x,
Atari 2600,Space Invaders,,Shmup,,,,,,,,,x,,
C64,720°,,Sports,,,,,,,,,x,,
C64,Auf Wiedersehen Monty,,Platformer,,,,,,,,,x,,
C64,Barbarian,,Fighting,,,,,,,,,x,,
C64,Barbarian II,,Fighting,,,,,,,,,x,,
C64,Beam,,Arcade,,,,,,,,,x,,
C64,BMX Simulator,,Racing,,,,,,,,,x,,
C64,Cabal,(in R-Type box),Shooter,,1:19:37,9,https://youtu.be/b8zjaXYEgmY,,,,,x,x,
C64,California Games,,Sports,,,,,,,,,x,,
C64,Clowns,,Arcade,,,,,,,,,x,,
C64,Dr. Destructo,,Shmup,,,,,,,,,x,,
C64,Dragon Ninja,,Beat 'm Up,,,,,,,,,x,,
C64,Gauntlet II,,Beat 'm Up,,,,,,,,,x,,
C64,Gryzor,,Platformer,,,,,,,,,x,,
C64,Jack the Nipper II - In Coconut Capers,,Platformer,,,,,,,,,x,,
C64,Karnov,,Platformer,,,,,,,,,x,,
C64,Mini Golf,,Sports,,,,,,,,,x,,
C64,Monty on the Run,,Platformer,,5:41:37,7,https://www.youtube.com/playlist?list=PLlNqyLg7AQBAEtqtMYBXky4T4V74qvblG,,,,,x,x,
C64,Nightdawn,,Arcade Shooter,,,,,,,,,x,,
C64,Ninja,,Fighting,,,,,,,,,x,,
C64,Number Nabber Shape Grabber,,Puzzle,,0:21:30,3,https://youtu.be/9tUG0zYJ63o,,,,,x,x,
C64,Operation Wolf,,Shooter,,,,,,,,,x,,
C64,Out Run,,Racing,,,,,,,,,x,,
C64,Pinball Spectacular,,Pinball,,0:30:00,5,https://youtu.be/YRS--iz163U,,,,,x,x,
C64,Predator,,Action,,,,,,,,,x,,
C64,R-Type,,Shmup,,,,,,,,,x,,
C64,Real Ghostbusters,,Shooter,,,,,,,,,x,,
C64,Rolling Thunder,,Platformer,,,,,,,,,x,,
C64,Rygar,,Beat 'm Up,,,,,,,,,x,,
C64,Speed/Bingo Math,,Puzzle,,,,,,,,,x,,
C64,Stunt Bike Simulator,,Minigames,,,,,,,,,x,,
C64,The Last Ninja,,Action,,4:51:27,8,https://youtu.be/65eh4Fkr23U,,,,,x,x,
C64,Tom & Jerry,,Platformer,,,,,,,,,x,,
C64,Toobin',,Arcade,,1:46:20,4,https://youtu.be/fj-S2ubigU0,,,,,x,x,
C64,Zzzz,,Adventure,,,,,,,,,x,,
CDi,Alice In Wonderland,,Adventure,,,,,,,,,x,,
CDi,Battleship,,Boardgames,,,,,,,,,x,,
CDi,Christmas Crisis,,Platformer,,2:25:24,7,https://youtu.be/k_O6EgJVH0g,,,,,x,x,
CDi,Connect Four,,Boardgames,,0:10:29,5,https://youtu.be/IQF6MajTkH8,,,,,x,x,
CDi,Creature Shock,,Adventure/Shooter,,,,,,,,,x,,
CDi,Dragon's Lair,,Interactive Video,,Game doesn't work fully,,,,,,,,,
CDi,Dragon's Lair II,,Interactive Video,,,,,,,,,x,,
CDi,Family Games I,,Misc.,,,,,,,,,x,,
CDi,Hotel Mario,,Platformer,,,,,,,,,x,,
CDi,International Tennis Open,,Sports,,,,,,,,,x,,
CDi,Kether,,Adventure/Shooter,,,,,,,,,x,,
CDi,Lemmings,,Puzzle,,36:15:08,5,https://www.youtube.com/playlist?list=PLlNqyLg7AQBC0_upnLmiwfhasBWWH6slh,,,,,x,x,
CDi,Link: The Faces of Evil,,Adventure/Platformer,,4:50:23,6,https://youtu.be/vLldYa6ctxM,,,,,x,x,
CDi,Litil Devil,,Adventure,,,,,,,,,x,,
CDi,Lost Eden,,Adventure,,,,,,,,,x,,
CDi,Mega Maze,,Puzzle,,,,,,,,,x,,
CDi,Mystic Midway Phantom Express,,Shmup,,,,,,,,,x,,
CDi,Namco Arcade Classics,,Arcade,,,,,,,,,x,,
CDi,Pac-Panic,,Puzzle,,,,,,,,,x,,
CDi,Pinball,,Pinball,,,,,,,,,x,,
CDi,Scotland Yard,,Boardgames,,1:30:10,7,https://youtu.be/AwaLIU3XM8Q,,,,,x,x,
CDi,Striker Pro,,Sports,,,,,,,,,x,,
CDi,Tetris,,Puzzle,,,,,,,,,x,,
CDi,The 7th Guest,,Adventure,,,,,,,,,x,,
CDi,The Palm Springs Open,,Sports,,,,,,,,,x,,
CDi,Video Speedway,,Racing,,,,,,,,,x,,
CDi,Voyeur,,Adventure,,,,,,,,,x,,
DreamCast,Bust-A-Move 4,,Arcade,,,,,,,,,x,,
DreamCast,ChuChu Rocket,,Arcade,,8:20:22,7,https://www.youtube.com/playlist?list=PLlNqyLg7AQBDrwipqj1MguVKKkwoHRFt6,,,,,x,x,
DreamCast,Dragons Blood,,Action/Adventure,,,,,,,,,x,,
DreamCast,ECCO The Dolphin: Defender of the Future,,Adventure,,,,,,,,,x,,
DreamCast,Gauntlet Legends,,Beat 'm Up,,,,,,,,,x,,
DreamCast,Hydro Thunder,,Racing,,,,,,,,,x,,
DreamCast,Kao The Kangaroo,,Platformer,,,,,,,,,x,,
DreamCast,Legacy of Kain: Soul Reaver,,Action/Adventure,,14:54:40,6,https://www.youtube.com/playlist?list=PLlNqyLg7AQBDsw6nBqaimrZEhW-ee-Ib-,,,,,x,x,
DreamCast,Marvel Vs. Capcom 2,,Fighting,,1:01:00,7,https://youtu.be/OoWlVh8curo,,,,,x,x,
DreamCast,MSR: Metropolis Street Racer,,Racing,,,,,,,,,x,,
DreamCast,Planet Ring,,Misc.,,,,,,,,,x,,
DreamCast,Power Stone,,Fighting,,,,,,,,,x,,
DreamCast,Psychic Force 2012,,Fighting,,,,,,,,,x,,
DreamCast,Quake III Arena,,FPS,,,,,,,,,x,,
DreamCast,Ready 2 Rumble Boxing,,Sports,,,,,,,,,x,,
DreamCast,Sega GT,,Racing,,,,,,,,,x,,
DreamCast,Sega Rally 2 Championship,,Racing,,11:16:01,8,https://www.youtube.com/playlist?list=PLlNqyLg7AQBDBOY_h4gbQxU27p20adLJD,,,,,x,x,
DreamCast,SoulCalibur,,Fighting,,,,,,,,,x,,
DreamCast,Tomb Raider: The Last Revelation,,Action/Adventure,,,,,,,,,x,,
DreamCast,Toy Racer,,Racing,,,,,,,,,x,,
DreamCast,Vanishing Point,,Racing,,,,,,,,,x,,
DreamCast,Virtua Fighter 3tb,,Fighting,,,,,,,,,x,,
DreamCast,Virtua Tennis,,Sports,,,,,,,,,x,,
DreamCast,Who wants to be a Millionaire,,Quiz,,,,,,,,,x,,
DSi Ware,Dark Void Zero,,Platformer,,,,,,,,,x,,
DSi Ware,The Legend of Zelda: Four Swords Anniversary Edition,,Puzzle/Adventure,,,,,,,,,x,,
G&W,Donkey Kong II,,Arcade,,,,,,,,,x,,
G&W,Fire,,Arcade,,,,,,,,,x,,
G&W,Mario Bros.,,Arcade,,,,,,,,,x,,
G&W,Mario's Cement Factory,,Arcade,,,,,,,,,x,,
G&W,Mickey & Donald,,Arcade,,,,,,,,,x,,
G&W,Rain Shower,,Arcade,,,,,,,,,x,,
G&W,Super Mario Bros.,,Arcade,,,,,,,,,x,,
GB,3 Choume no Tama: Tama and Friends - 3 Choume Obake Panic!!,,Misc.,,0:59:47,6,https://youtu.be/AVCc-i7rCWE,,,,,x,x,
GB,3-Pun Yosō Umaban Club,,Sports,,,,,,,,,x,,
GB,4-in-1 Fun Pak,,Boardgames,,2:26:55,6,https://youtu.be/ACTWa8fVIYY,,,,,x,x,
GB,4-in-1 Fun Pak Volume II,,Boardgames,,1:44:38,6,https://youtu.be/nMq14xbVrPg,,,,,x,x,
GB,Adventure Island,,Platformer,,1:08:02,8,https://youtu.be/REywRQvnemo,,,,,x,x,
GB,Adventure Island II,,Platformer,,1:25:14,9,https://youtu.be/1KZbvHVSKyE,,,,,x,x,
GB,Adventures of Lolo,,Puzzle,,,,,,,,,x,,
GB,Aguri Suzuki F-1 Super Driving,,Racing,,,,,,,,,x,,
GB,Aladdin,,Platformer,,1:14:55,5,https://youtu.be/XBKbYK6PlRw,,,,,x,x,
GB,Alien 3,,Action/Adventure,,0:15:17,5,https://youtu.be/ttYVeXzMhY8,x,,,,x,x,
GB,Alien Olympics 2044 AD,,Sports,,0:19:42,7,https://youtu.be/fR6wXmYStCk,,,,,x,x,
GB,America Oudan Ultra-Quiz,,Quiz,,,,,,,,,x,,
GB,Another Bible,,Tactical RPG,,10:57:08,7,https://www.youtube.com/playlist?list=PLlNqyLg7AQBDjvDWxgoxohO_D4cXRvDQK,,,,,x,x,
GB,Aoki Densetsu Shoot!,,Sports,,1:35:57,3,https://youtu.be/M18ug_l9AZM,,,,,x,x,
GB,Arcade Classic No.1 - Asteroids & Missile Command,,Arcade,,1:34:19,4,https://youtu.be/TJqb7Ix-ElA,,,,,x,x,
GB,Aretha,,RPG,,,,,,,,,x,,
GB,Aretha II,,RPG,,,,,,,,,x,,
GB,Aretha III,,RPG,,,,,,,,,x,,
GB,Asterix,,Platformer,,0:43:09,7,https://youtu.be/kOBzZW3EKU8,,,,,x,x,
GB,Asterix & Obelix (GB),,Platformer,,0:51:17,7,https://youtu.be/69cVLENN5YQ,,,,,x,x,
GB,Batman: Return of The Joker,,Platformer,,,,,,,,,x,,
GB,Battle Arena Toshinden,,Fighting,,0:31:23,6,https://youtu.be/CM-Td7YOAx0,,,,,x,x,
GB,Battletoads & Double Dragon,,Beat 'm Up,,,,,,,,,x,,
GB,Blades Of Steel,,Sports,,0:53:13,6,https://youtu.be/9H9dNsnTXMc,,,,,x,x,
GB,Blodia,,Puzzle,,,,,,,,,x,,
GB,Bomber Boy (Atomic Punk/Dynablaster),,Action/Puzzle,,2:43:27,7,https://youtu.be/3oDsIdVBkGo,,,,,x,x,
GB,Bomber Man GB,,Action/Puzzle,,1:21:17,6,https://youtu.be/z6DeTwxxIY0,,,,,x,x,
GB,Bomber Man GB 3,,Action/Puzzle,,,,,,,,,x,,
GB,Bonk's Adventure,,Platformer,,0:18:56,8,https://youtu.be/yROn5uz1tkM,x,,,,x,x,
GB,Bubble Ghost,,Action/Puzzle,,,,,,,,,x,,
GB,BurgerTime Deluxe,,Arcade,,,,,,,,,x,,
GB,Bust-A-Move 3 DX,,Puzzle,,,,,,,,,x,,
GB,Castle Quest,,Strategy,,,,,,,,,x,,
GB,Chase H.Q.,,Arcade/Racing,,,,,,,,,x,,
GB,Contra: The Alien Wars,,Shooter,,,,,,,,,x,,
GB,Crayon Shin-Chan 2: Ora to Wanpaku Gokko Dazo,,Platformer,,0:34:48,5,https://youtu.be/KxRs_ZexbOA,,,,,x,x,
GB,Crayon Shin-Chan 3: Ora no Gokigen,,Misc.,,0:33:46,5,https://youtu.be/9nqJhCjOafg,,,,,x,x,
GB,Crayon Shin-Chan 4: Ora no Itazura Dai Henshin,,Platformer,,0:12:53,7,https://youtu.be/K735iv_10Lw,,,,,x,x,
GB,Daffy Duck: The Marvin Missions,,Platformer,,2:45:03,2,https://youtu.be/SGbiVVmXXIw,,,,,x,x,
GB,Darkwing Duck,,Platformer,,0:16:29,8,https://youtu.be/KViJJY2bg_4,x,,,,x,x,
GB,David Crane's The Rescue of Princess Blobette,,Adventure,,1:57:56,3,https://youtu.be/V0qYKFBfpw4,,,,,x,x,
GB,Days of Thunder,,Racing,,,,,,,,,x,,
GB,Diamaze,,Adventure/Platformer,,1:37:30,7,https://youtu.be/znK8rL8uIEU,,,,,x,x,
GB,Donkey Kong,,Platformer,,,,,,,,,x,,
GB,Donkey Kong Land 2,,Platformer,,,,,,,,,x,,
GB,Doraemon 2: Animal Wakusei Densetsu,,Misc.,,0:48:02,8,https://youtu.be/OMvza0OlpmY,,,,,x,x,
GB,Double Dragon 3,,Beat 'm Up,,,,,,,,,x,,
GB,Dr. Franken,,Platformer,,,,,,,,,x,,
GB,Dr. Mario,,Puzzle,,1:18:15,8,https://youtu.be/rWymGAFwEIk,,,,,x,x,
GB,DuckTales,,Platformer,,09:14.700,6,https://youtu.be/roFC6Dr6ovk,x,,,,x,x,
GB,DuckTales 2,,Platformer,,0:18:21,7,https://youtu.be/uRmlAk7Sfm8,x,,,,x,x,
GB,F-1 Race,,Racing,,,,,,,,,x,,
GB,F1 Pole Position,,Racing,,,,,,,,,x,,
GB,Fighting Simulator: 2-in-1 Flying Warriors,,Fighting,,,,,,,,,x,,
GB,Fist of the North Star,,Fighting,,07:10.466,3,https://youtu.be/iPeOWBMJw7k,x,,,,x,x,
GB,Fortified Zone,,Adventure,,,,,,,,,x,,
GB,Game Boy Camera,,Misc.,,,,,,,,,x,,
GB,Game Boy Gallery,,Arcade,,,,,,,,,x,,
GB,Ganbare Goemon: Sarawareta Ebisumaru!,,Adventure,,6:40:29,7,https://www.youtube.com/playlist?list=PLlNqyLg7AQBDwEhaVbDjOpDfMzDpk6ujH,,,,,x,x,
GB,Gargoyle's Quest,,Adventure/Platformer,,,,,,,,,x,,
GB,Golf,,Sports,,,,,,,,,x,,
GB,Gremlins 2: The New Batch,,Platformer,,,,,,,,,x,,
GB,Jelly Boy,,Platformer,,5:27:33,5,https://www.youtube.com/playlist?list=PLlNqyLg7AQBA3P8YeMP0fvHtEnusrE7Lv,,,,,x,x,
GB,Jeopardy!,,Quiz,,1:42:12,6,https://youtu.be/gX0JcGb02oA,,,,,x,x,
GB,Kid Icarus of Myths and Monsters,,Platformer,,,,,,,,,x,,
GB,Killer Instinct,,Fighting,,,,,,,,,x,,
GB,Kirby Star Stacker,,Puzzle,,,,,,,,,x,,
GB,Kirby's Block Ball,,Breakout,,,,,,,,,x,,
GB,Kirby's Dream Land,,Platformer,,0:11:50,10,https://youtu.be/4qpCRkss-V4,x,,,,x,x,
GB,Kirby's Dream Land 2,,Platformer,,3:22:27,6,https://youtu.be/Gah86DqQ3js,,,,,x,x,
GB,Kirby's Pinball Land,,Pinball,,,,,,,,,x,,
GB,Lamborghini American Challenge,,Racing,,,,,,,,,x,,
GB,Last Bible,,RPG,,,,,,,,,x,,
GB,Last Bible II,,RPG,,,,,,,,,x,,
GB,Looney Tunes,,Platformer,,,,,,,,,x,,
GB,Magical * Taruruuto-kun,,Platformer,,0:42:53,6,https://youtu.be/VTawfnvhcfc,,,,,x,x,
GB,Magical Taluluto-kun 2: Raiba Zone Panic!!,,Misc.,,,,,,,,,x,,
GB,Mario & Yoshi,,Puzzle,,,,,,,,,x,,
GB,Mega Man: Dr. Wily's Revenge,,Platformer,,,,,,,,,x,,
GB,Mickey's Dangerous Chase,,Platformer,,,,,,,,,x,,
GB,Mole Mania,,Puzzle,,,,,,,,,x,,
GB,Mortal Kombat,,Fighting,,0:40:51,1,https://youtu.be/Pab4lOxnr_k,,,,,x,x,
GB,Mortal Kombat II,,Fighting,,,,,,,,,x,,
GB,Motocross Maniacs,,Racing,,,,,,,,,x,,
GB,Mr. Do!,,Arcade,,,,,,,,,x,,
GB,Mulan,,Platformer,,,,,,,,,x,,
GB,NBA Live 96,,Sports,,,,,,,,,x,,
GB,Nettou Samurai Spirits,,Fighting,,,,,,,,,x,,
GB,NFL Quarterback Club,,Sports,,0:18:09,3,https://youtu.be/YtuX5seBImY,,,,,x,x,
GB,Nigel Mansell's World Championship Racing,,Racing,,,,,,,,,x,,
GB,Ninku,,Fighting,,,,,,,,,x,,
GB,Nintendo World Cup,,Sports,,,,,,,,,x,,
GB,On The Tiles,,Puzzle,,,,,,,,,x,,
GB,Operation C,,Shooter,,,,,,,,,x,,
GB,Picross 2,,Puzzle,,,,,,,,,x,,
GB,Pierre le Chef is... Out to Lunch,,Arcade/Platformer,,,,,,,,,x,,
GB,Pinball Deluxe,,Pinball,,,,,,,,,x,,
GB,Pocket Bomberman,,Platformer,,0:14:42,9,https://youtu.be/Ey4WNmEry9Q,x,,,,x,x,
GB,Pokémon Blue,,RPG,,,,,,,,,x,,
GB,Pokémon Red,,RPG,,,,,,,,,x,,
GB,Pokémon Yellow,,RPG,,,,,,,,,x,,
GB,Popeye,,Arcade,,,,,,,,,x,,
GB,Purikura Pocket: Fukanzen Joshikousei Manual,,Adventure/Sim.,,4:06:44,4,https://youtu.be/E5xQ3_pRNeQ,,,,,x,x,
GB,Quarth,,Puzzle,,3:02:03,8,https://youtu.be/wlL_-Jf4__M,,,,,x,x,
GB,Revenge of the Gator,,Pinball,,0:28:08,7,https://youtu.be/7Xv9H5Guw8k,,,,,x,x,
GB,Road Rash,*needs to be played on SGB,Racing,,,,,,,,,x,,
GB,Sanrio Carnival,,Puzzle,,,,,,,,,x,,
GB,SD Lupin Sansei: Kinko Yaburi Daisakusen,,Action,,,,,,,,,x,,
GB,Sensible Soccer: European Champions,,Sports,,,,,,,,,x,,
GB,Shadow Warriors,,Platformer,,0:14:03,10,https://youtu.be/hC1Ps2wpiqY,x,,,,x,x,
GB,Space Invaders,,Arcade/Shmup,,0:12:58,5,https://youtu.be/JRX3S8zsrg8,,,,,x,x,
GB,Spanky's Quest,,Arcade,,1:24:58,9,https://youtu.be/MBkZgz5f2dA,,,,,x,x,
GB,Spider-man and the X-men in Arcade's Revenge,,Platformer,,,,,,,,,x,,
GB,Stargate,,Puzzle,,,,,,,,,x,,
GB,Street Racer,,Racing,,,,,,,,,x,,
GB,Super Chinese Land,,Action,,,,,,,,,x,,
GB,Super Chinese Land 2,,Action,,,,,,,,,x,,
GB,Super Kick Off,,Sports,,,,,,,,,x,,
GB,Super Mario Land,,Platformer,,,,,,,,,x,,
GB,Super Mario Land 2: 6 Golden Coins,,Platformer,,,,,,,,,x,,
GB,Super R.C. Pro-Am,,Racing,,,,,,,,,x,,
GB,Taikyoku Renju,,Boardgames,,,,,,,,,x,,
GB,Tamagotchi,,Virtual Pet,,,,,,,,,x,,
GB,Tamagotchi 2,,Virtual Pet,,,,,,,,,x,,
GB,Teenage Mutant Ninja Turtles II - Back From The Sewers,,Beat 'm Up,,,,,,,,,x,,
GB,Terminator 2,,Action,,,,,,,,,x,,
GB,Tetris,,Puzzle,,,,,,,,,x,,
GB,Tetris 2,,Puzzle,,,,,,,,,x,,
GB,Tetris Attack,,Puzzle,,,,,,,,,x,,
GB,The Addams Family,,Platformer,,01:19.847,7,https://youtu.be/2S7be8S0FoQ,x,,,,x,x,
GB,The Addams Family: Pugsley's Scavenger Hunt,,Platformer,,1:40:05,4,https://youtu.be/V7bXV0erWdU,,,,,x,x,
GB,The Amazing Spider-Man,,Platformer,,1:04:42,4,https://youtu.be/2GzGiv445AY,,,,,x,x,
GB,The Castlevania Adventure,,Platformer,,,,,,,,,x,,
GB,The Hunchback of the Notre Dame,,Misc.,,,,,,,,,x,,
GB,The Jungle Book,,Platformer,,,,,,,,,x,,
GB,The Legend of Prince Valiant,,Action/Strategy,,,,,,,,,x,,
GB,The Legend of Zelda: Link's Awakening,,Adventure,,,,,,,,,x,,
GB,The Lion King,,Platformer,,0:57:16,3,https://youtu.be/C8FjBkMEfiQ,,,,,x,x,
GB,The Little Mermaid,,Platformer,,,,,,,,,x,,
GB,The Smurfs,,Platformer,,0:55:19,7,https://youtu.be/s_f8by_74dY,,,,,x,x,
GB,Tintin au Tibet,,Platformer,,,,,,,,,x,,
GB,Tiny Toon Adventures: Wacky Sports,,Sports,,1:36:48,5,https://youtu.be/xNyi41Of5vk,,,,,x,x,
GB,Tiny Toon: Bab's Big Break,,Platformer,,,,,,,,,x,,
GB,Tip Off,,Sports,,,,,,,,,x,,
GB,Toy Story,,Platformer,,,,,,,,,x,,
GB,V-Rally,,Racing,,1:10:45,7,https://youtu.be/jiqBqjuGn2M,,,,,x,x,
GB,Wario Land: Super Mario Land 3,,Platformer,,,,,,,,,x,,
GB,Wizards & Warriors X: Fortress of Fear,,Platformer,,,,,,,,,x,,
GB,World Bowling,,Sports,,0:41:10,2,https://youtu.be/3nFhZRUfTCQ,,Partial Completion,,,x,,
GB,World Heroes 2 Jet,,Fighting,,0:55:11,5,https://youtu.be/DtGsAuH3wT0,,,,,x,x,
GB,WWF War Zone,,Fighting,,,,,,,,,x,,
GB,WWF: Superstars,,Fighting,,,,,,,,,x,,
GB,Yoshi's Cookie,,Puzzle,,,,,,,,,x,,
GB,Yū Yū Hakusho Dai-Ni-Dan: Ankoku Bujutsu Kai Hen,,Fighting,,,,,,,,,x,,
GB,Yu-Gi-Oh! Duel Monsters,,Cardgame,,10:29:38,7,https://www.youtube.com/playlist?list=PLlNqyLg7AQBCu8YgUM3Wwvel-z6IjcHz2,,,,,x,x,
GB,Zoids,,Shmup,,,,,,--- boxart ---,,,x,,
GBA,Banjo-Kazooie: Grunty's Revenge,,Adventure/Platformer,,,,,,,,,x,,
GBA,Big Mutha Truckers,,Racing,,,,,,,,,x,,
GBA,Caesars Palace Advance: Millenium Gold Edition,,Misc.,,,,,,,,,x,,
GBA,Cars,,Racing,,,,,,,,,x,,
GBA,Castlevania: Circle of the Moon,,Adventure/Platformer,,,,,,,,,x,,
GBA,Crash Bandicoot XS,,Platformer,,5:52:00,8,https://youtu.be/0v2Rp61v_wE,,,,,x,x,
GBA,Dogz,,Virtual Pet,,4:57:02,5,https://youtu.be/_8FOyoocy7o,,,,,x,x,
GBA,E-Reader,,Misc.,,,,,,,,,x,,
GBA,Ecks Vs Sever,,FPS,,,,,,,,,x,,
GBA,F-Zero GP Legend,,Racing,,,,,,,,,x,,
GBA,F-Zero Maximum Velocity,,Racing,,,,,,,,,x,,
GBA,Franklin's Great Adventures,,Misc.,,,,,,,,,x,,
GBA,Golden Sun,,RPG,,,,,,,,,x,,
GBA,Harry Potter and the Philosopher's Stone,,Adventure,,,,,,,,,x,,
GBA,Ice Age,,Platformer,,,,,,,,,x,,
GBA,ISS: International Superstar Soccer,,Sports,,,,,,,,,x,,
GBA,It's Mr. Pants,,Puzzle,,,,,,,,,x,,
GBA,Jackie Chan Adventures: Legend of the Dark Hand,,Beat 'm Up,,2:55:15,4,https://youtu.be/ksjbwJ7b0Ps,,,,,x,x,
GBA,Kirby: Nightmare in Dreamland,,Platformer,,,,,,,,,x,,
GBA,Kurukuru Kururin,,Arcade,,,,,,,,,x,,
GBA,Lego Bionicle,,Adventure,,,,,,,,,x,,
GBA,Madagascar Operation Penguin,Shrek 2 / Madagascar Operation Penguin,Platformer,,,,,,,,,x,,
GBA,Mario Kart Super Circuit,,Racing,,,,,,,,,x,,
GBA,Medabots Metabee,,RPG,,,,,,,,,x,,
GBA,Megaman & Bass,,Platformer,,,,,,,,,x,,
GBA,Megaman Battle Network 3: White,,RPG,,,,,,,,,x,,
GBA,Megaman Battle Network 4: Red Sun,,RPG,,,,,,,,,x,,
GBA,Megaman Zero,,Platformer,,,,,,,,,x,,
GBA,Mission: Impossible,,Tactical Shooter,,,,,,,,,x,,
GBA,Pirates of the Caribbean: The Curse of the Black Pearl,,Adventure,,,,,,,,,x,,
GBA,Pitfall: The Lost Expedition,,Adventure,,,,,,,,,x,,
GBA,Pokémon Emerald,,RPG,,,,,,,,,x,,
GBA,Pokémon LeafGreen,,RPG,,11:28:32,8,https://www.youtube.com/playlist?list=PLlNqyLg7AQBCG7JsPWN4-2lRXY-oXlbR5,,,,,x,x,
GBA,Pokémon Ruby,,RPG,,,,,,,,,x,,
GBA,Pokémon Sapphire,,RPG,,,,,,,,,x,,
GBA,Pong & Asteroids & Yars' Revenge,,Arcade,,,,,,,,,x,,
GBA,Prince of Persia: The Sands of Time,,Platformer,,,,,,,,,x,,
GBA,Rayman 3,Rayman 10th Anniversary,Platformer,,4:20:34,8,https://youtu.be/wxqPID1j3Mc,,,,,x,x,
GBA,Rayman Advance,Rayman 10th Anniversary,Platformer,,15:26:24,6,https://www.youtube.com/playlist?list=PLlNqyLg7AQBC1wbod1goABaSj3wdOi8sp,,,,,x,x,
GBA,Shrek 2,Shrek 2 / Madagascar Operation Penguin,Puzzle/Platformer,,,,,,,,,x,,
GBA,Sonic Advance 2,,Platformer,,,,,,,,,x,,
GBA,Sonic Battle,,Fighting,,,,,,,,,x,,
GBA,Spyro 2: Season of Flame,,Platformer,,,,,,,,,x,,
GBA,Super Mario Advance 4: Super Mario Bros. 3,,Platformer,,,,,,,,,x,,
GBA,The Incredibles,,Beat 'm Up,,,,,,,,,x,,
GBA,The Lord of the Rings: The Return of the King,,Beat 'm Up,,,,,,,,,x,,
GBA,The Urbz: Sims in the City,,Sim.,,,,,,,,,x,,
GBA,Ultimate Brain Games,,Misc.,,,,,,,,,x,,
GBA,Yoshi's Universal Gravitation,,Platformer,,3:31:51,4,https://youtu.be/VZ6c4dKowaM,,,,,x,x,
GBA,Yu-Gi-Oh! Duel Monsters International: Worldwide Edition,,Cardgame,,,,,,,,,x,,
GBC,007 The World Is Not Enough,,Action/Adventure,,5:43:20,3,https://youtu.be/XfbWYUcKL_I,,,,,x,x,
GBC,10 Pin Bowling,,Sports,,0:03:35,2,https://youtu.be/wCCFweVxdtI,,,,,x,x,
GBC,102 Dalmatians: Puppies to the Rescue,,Platformer,,1:14:39,8,https://youtu.be/bo8QytXoRGE,,,,,x,x,
GBC,3D Pocket Pool,,Sports,,,2,https://youtu.be/fK-JaENfU7I,,Partial Completion,,,x,,
GBC,4x4 World Trophy,,Racing,,2:19:37,4,https://youtu.be/_UC7gOrJf7U,,,,,x,x,
GBC,720°,,Sports,,0:25:24,3,https://youtu.be/RtNNldgqdvY,,,,,x,x,
GBC,A Bug's Life,,Platformer,,0:50:19,4,https://youtu.be/9O_cuh_0miM,,,,,x,x,
GBC,Action Man: Search for Base X,,Platformer,,1:52:32,7,https://youtu.be/oHSoTMm-ees,,,,,x,x,
GBC,Alfred's Adventure,,Platformer,,1:36:11,7,https://youtu.be/cfJ1idMapPY,,,,,x,x,
GBC,Alone in the Dark: The New Nightmare,,Survival Horror,,1:02:44,6,https://youtu.be/xxjGO4EbIxA,,,,,x,x,
GBC,Animorphs,,RPG,,,,,,,,,x,,
GBC,Antz,,Platformer,,1:42:02,6,https://youtu.be/2qwRWKItZwA,,,,,x,x,
GBC,Antz Racing,,Racing,,0:21:44,5,https://youtu.be/AaG-TECDO8M,,,,,x,x,
GBC,Antz World Sportz,,Sports,,0:25:37,4,https://youtu.be/OG-7FY_ls_k,,,,,x,x,
GBC,Army Men,,Shooter,,1:18:20,5,https://youtu.be/JKp9r9Tdbjc,,,,,x,x,
GBC,Army Men: Air Combat,,Shooter,,2:24:40,5,https://youtu.be/cyyzWu1VvI8,,,,,x,x,
GBC,Army Men: Sarge's Heroes 2,,Shooter,,,,,,,,,x,,
GBC,Asterix & Obelix,,Platformer,,0:45:56,7,https://youtu.be/4QHMj6vV78c,,,,,x,x,
GBC,Beach 'n Ball,,Sports,,,,,,,,,x,,
GBC,Black Bass Lure Fishing,,Sports,,,,,,,,,x,,
GBC,Carmageddon,,Racing,,,,,,,,,x,,
GBC,Carl Lewis Athletics 2000,,Sports,,,,,,,,,x,,
GBC,Casper,,Adventure,,4:16:25,2,https://youtu.be/UorxApp8rkM,,,,,x,x,
GBC,Catz,,Virtual Pet,,,,,,,,,x,,
GBC,Conker's Pocket Tales,,Adventure,,,,,,,,,x,,
GBC,Croc 2,,Platformer,,,,,,,,,x,,
GBC,Daikatana,,Action/Adventure,,,,,,,,,x,,
GBC,Das Geheimnis der Happy Hippo-Insel,,Platformer,,0:39:12,7,https://youtu.be/Fqmg99wzlAw,,,,,x,x,
GBC,Déjà Vu I & II: The Casebooks of Ace Harding,,Adventure,,,,,,,,,x,,
GBC,Disney's Aladdin,,Platformer,,,,,,,,,x,,
GBC,Disney's Tarzan,*broken sound on GBA,Platformer,,,,,,,,,x,,
GBC,Donkey Kong Country,,Platformer,,,,,,,,,x,,
GBC,E.T. Escape From Planet Earth,,Adventure,,,,,,,,,x,,
GBC,Earthworm Jim: Menace 2 The Galaxy,,Platformer,,,,,,,,,x,,
GBC,F1 World Grand Prix II,,Racing,,,,,,,,,x,,
GBC,Gex: Enter the Gecko,,Platformer,,,,,,,,,x,,
GBC,Gift,,Adventure,,05:54.366,5,https://youtu.be/zjhypHYmA9o,x,,,,x,x,
GBC,Gold and Glory: The Road to El Dorado,,Platformer,,,,,,,,,x,,
GBC,Harry Potter and the Philosopher's Stone,,Adventure,,,,,,,,,x,,
GBC,Hugo,,Platformer,,2:50:24,6,https://youtu.be/-a3fgVruTa0,,,,,x,x,
GBC,International Superstar Soccer 2000,,Sports,,,,,,,,,x,,
GBC,Klustar,,Puzzle,,,,,,,,,x,,
GBC,Lucky Luke,,Platformer,,,,,,,,,x,,
GBC,Magical Tetris Challenge,,Puzzle,,,,,,,,,x,,
GBC,Metal Gear Solid,,Tactical Shooter,,9:30:32,7,https://www.youtube.com/playlist?list=PLlNqyLg7AQBDL9Rs0FDwyFcJKYev7QbwE,,,,,x,x,
GBC,Microsoft Pinball Arcade,,Pinball,,,,,,,,,x,,
GBC,Mr. Nutz,,Platformer,,,,,,,,,x,,
GBC,Ms. Pac-Man - Special Colour Edition,,Arcade,,,,,,,,,x,,
GBC,NYR: New York Race,,Racing,,,,,,,,,x,,
GBC,Perfect Dark,,Shooter,,,,,,,,,x,,
GBC,Pokémon Crystal,,RPG,,,,,,,,,x,,
GBC,Pokémon Gold,,RPG,,13:34:38,9,https://www.youtube.com/playlist?list=PLlNqyLg7AQBAHcJn0GjkPZfdOXrLxqypP,,,,,x,x,
GBC,Pokémon Pinball,,Pinball,,,,,,,,,x,,
GBC,Pokémon Silver,,RPG,,,,,,,,,x,,
GBC,Pokémon Trading Card Game,,Cardgame,,,,,,,,,x,,
GBC,Prince of Persia,,Platformer,,,,,,,,,x,,
GBC,R-Type DX,,Shmup,,0:50:39,5,https://youtu.be/eCYcMnZAG9E,,,,,x,x,
GBC,Rhino Rumble,,Platformer,,,,,,,,,x,,
GBC,Roadsters,,Racing,,,,,,,,,x,,
GBC,"Roswell Conspiracies: Aliens, Myths & Legends",,Adventure,,,,,,,,,x,,
GBC,Sabrina Spooked,,Platformer,,,,,,,,,x,,
GBC,Sabrina Zapped,,Platformer,,,,,,,,,x,,
GBC,Scrabble Original,,Boardgames,,,,,,,,,x,,
GBC,Spiderman,,Platformer,,,,,,,,,x,,
GBC,Tech Deck Skateboarding,,Sports,,1:59:17,4,https://youtu.be/4185M8W5TDU,,,,,x,x,
GBC,The Jungle Book: Mowgli's Wild Adventure,,Platformer,,2:49:57,7,https://youtu.be/nPJXuSRZcXg,,,,,x,x,
GBC,The Little Mermaid II: Pinball Frenzy,,Pinball,,,,,,,,,x,,
GBC,Tom and Jerry: Mousehunt,,Arcade,,,,,,,,,x,,
GBC,Tomb Raider,,Platformer,,,,,,,,,x,,
GBC,Toonsylvania,,Platformer,,2:21:14,4,https://youtu.be/7gyqdkIOWmk,,,,,x,x,
GBC,Top Gun: Firestorm,,Shmup,,,,,,,,,x,,
GBC,Turok 2: Seeds of Evil,,Platformer,,2:52:03,3,https://youtu.be/_MneO-6gz-o,,,,,x,x,
GBC,V-Rally Championship Edition,,Racing,,2:00:50,8,https://youtu.be/O_SpYYHUFfg,x,https://youtu.be/Xg0b3fZwglM,,,x,x,
GBC,Wacky Races,,Racing,,2:35:08,5,https://youtu.be/6Bnk9SGrXnI,,,,,x,x,
GBC,Walt Disney World Quest: Magical Racing Tour,,Racing,,,,,,,,,x,,
GBC,Wario Land II,,Platformer,,,,,,,,,x,,
GBC,Warriors of Might and Magic,,RPG,,,,,,,,,x,,
GBC,Wendy: Every Witch Way,,Platformer,,0:19:40,9,https://youtu.be/KpCdt59oyzs,x,,,,x,x,
GBC,Winnie the Pooh: Adventures in the 100 Acre Wood,,Misc.,,,,,,,,,x,,
GBC,WWF Betrayal,,Beat 'm Up,,,,,,,,,x,,
GCN,Beyond Good & Evil,,Adventure,,11:15:08,8,https://www.youtube.com/playlist?list=PLlNqyLg7AQBCTb6czBcEc8XeGA2mvjANF,,,,,x,x,
GCN,Die Hard Vendetta,,FPS,,11:10:37,3,https://www.youtube.com/playlist?list=PLlNqyLg7AQBCsyDMEchguD42R6gCb4fNi,,,,,x,x,
GCN,Disney's Magical Mirror Starring Mickey Mouse,,Puzzle,,,,,,,,,x,,
GCN,Donkey Konga,,Rythm,,8:04:26,7,,,,,,x,x,
GCN,Donkey Konga 2,,Rythm,,,,,,,,,x,,
GCN,Dragonball Z: Budokai,,Fighting,,,,,,,,,x,,
GCN,Eternal Darkness,,Survival Horror,,15:04:09,8,https://www.youtube.com/playlist?list=PLlNqyLg7AQBCpDpsEXLOsCD1Z-mIU3MiE,,,,,x,x,
GCN,F-Zero GX,,Racing,,,,,,,,,x,,
GCN,James Bond 007: Everything or Nothing,,Shooter,,,,,,,,,x,,
GCN,Mario Party 5,,Party,,,,,,,,,x,,
GCN,Medal of Honor: European Assault,,FPS,,,,,,,,,x,,
GCN,Medal of Honor: Frontline,,FPS,,,,,,,,,x,,
GCN,Metroid Prime,,Adventure/Shooter,,,,,,,,,x,,
GCN,Metroid Prime 2: Echoes,,Adventure/Shooter,,,,,,,,,x,,
GCN,Mortal Kombat: Deadly Alliance,,Fighting,,,,,,,,,x,,
GCN,Need for Speed: Carbon,,Racing,,,,,,,,,x,,
GCN,Outlaw Golf,,Sports,,,,,,,,,x,,
GCN,Peter Jackson's King Kong,,Adventure/FPS,,,,,,,,,x,,
GCN,Pikmin,,Action/Puzzle,,,,,,,,,x,,
GCN,Prince of Persia: The Sands of Time,,Action/Platformer,,,,,,,,,x,,
GCN,Prince of Persia: Warrior Within,,Action/Platformer,,,,,,,,,x,,
GCN,Resident Evil,,Survival Horror,,,,,,,,,x,,
GCN,Resident Evil Zero,,Survival Horror,,,,,,,,,x,,
GCN,Sega Soccer Slam,,Sports,,3:47:04,7,https://youtu.be/pzRX30BR-dE,,,,,x,x,
GCN,Star Wars: Rogue Leader,,Action,,,,,,,,,x,,
GCN,Super Mario Sunshine,,Platformer,,,,,,,,,x,,
GCN,Super Monkey Ball,,Action,,,,,,,,,x,,
GCN,Super Smash Bros. Melee,,Fighting,,,,,,,,,x,,
GCN,The Legend of Zelda: Ocarina of Time,,Adventure,,,,,,,,,x,,
GCN,The Legend of Zelda: The Wind Waker,,Adventure,,,,,,,,,x,,
GCN,The Sims - Bustin' Out,,Sim.,,,,,,,,,x,,
GCN,Tony Hawk's Pro Skater 3,,Sports,,,,,,,,,x,,
GCN,Tony Hawk's Underground 2,,Sports,,,,,,,,,x,,
Genesis,Altered Beast,,Beat 'm Up,,,,,,,,,x,,
Genesis,Arrow Flash,,Shmup,,,,,,,,,x,,
Genesis,Columns,Mega Games 6,Puzzle,,,,,,,,,x,,
Genesis,Dragon's Revenge,,Pinball,,,,,,,,,x,,
Genesis,ECCO: The Tides of Time,,Adventure,,,,,,,,,x,,
Genesis,F22 Interceptor,,Shooter,,,,,,,,,x,,
Genesis,FIFA International Soccer,,Sports,,,,,,,,,x,,
Genesis,Golden Axe,Mega Games 6,Beat 'm Up,,,,,,,,,x,,
Genesis,Golden Axe II,,Beat 'm Up,,,,,,,,,x,,
Genesis,James Pond II,,Platformer,,,,,,,,,x,,
Genesis,Jurassic Park,,Platformer,,,,,,,,,x,,
Genesis,Last Battle,,Beat 'm Up,,,,,,,,,x,,
Genesis,NBA Jam,,Sports,,5:08:33,6,https://www.youtube.com/playlist?list=PLlNqyLg7AQBD1oxbLCOXDqYsQliGeiqqk,,,,,x,x,
Genesis,NHLPA Hockey 93,,Sports,,,,,,,,,x,,
Genesis,Outrun,,Racing,,,,,,,,,x,,
Genesis,Sonic and Knuckles,,Platformer,,,,,,,,,x,,
Genesis,Sonic The Hedgehog,,Platformer,,,,,,,,,x,,
Genesis,Sonic The Hedgehog 2,,Platformer,,,,,,,,,x,,
Genesis,Sonic The Hedgehog Spinball,,Pinball,,,,,,,,,x,,
Genesis,Streets of Rage,Mega Games 6,Beat 'm Up,,,,,,,,,x,,
Genesis,Strider,,Platformer,,2:39:41,4,https://youtu.be/3ZzMSPYche0,,,,,x,x,
Genesis,Super Hang-On,Mega Games 6,Racing,,,,,,Double,,,,,
Genesis,Super Hang-On,,Racing,,,,,,,,,x,,
Genesis,Tale Spin,,Platformer,,,,,,,,,x,,
Genesis,The Legend of Galahad,,Platformer,,,,,,,,,x,,
Genesis,The Revenge of Shinobi,Mega Games 6,Platformer,,,,,,,,,x,,
Genesis,World Cup Italia '90,Mega Games 6,Sports,,,,,,,,,x,,
GG,Ariel The Little Mermaid,,Platformer,,0:36:06,2,https://youtu.be/Vw4qnVHKZUw,,,,,x,x,
GG,Astérix and the Secret Mission,,Platformer,,,,,,,,,x,,
GG,Castle of Illusion Starring Mickey Mouse,,Platformer,,1:01:10,7,https://youtu.be/YbxQMfNgP78,,,,,x,x,
GG,Columns,,Puzzle,,,,,,,,,x,,
GG,Deep Duck Trouble Starring Donald Duck,,Platformer,,,,,,,,,x,,
GG,Disney's Aladdin,,Platformer,,,,,,,,,x,,
GG,Fantasy Zone,,Shmup,,,,,,,,,x,,
GG,Halley Wars,,Shmup,,,,,,,,,x,,
GG,Ninja Gaiden,,Platformer,,,,,,,,,x,,
GG,Paperboy,,Arcade,,1:09:40,6,https://youtu.be/WOAtELM-bfw,,,,,x,x,
GG,Psychic World,,Platformer,,,,,,,,,x,,
GG,Sonic Chaos,,Platformer,,,,,,,,,x,,
GG,Super Kick Off,,Sports,,,,,,,,,x,,
GG,Super Monaco GP,,Racing,,,,,,,,,x,,
GG,The Jungle Book,,Platformer,,,,,,,,,x,,
GG,The Lion King,,Platformer,,,,,,,,,x,,
GG,Tom and Jerry: The Movie,,Platformer,,,,,,,,,x,,
GG,Wonder Boy,,Platformer,,,,,,,,,x,,
GG,Woody Pop,,Breakout,,,,,,,,,x,,
Jaguar,Cybermorph,,Adventure/Shooter,,,,,,,,,x,,
Jaguar,NBA Jam T.E.,,Sports,,7:06:29,5,https://www.youtube.com/playlist?list=PLlNqyLg7AQBAsm2SvtI9pLLECe236yl5f,,,,,x,x,
Jaguar,Tempest 2000,,Arcade,,,,,,,,,x,,
Lynx,A.P.B.,,Racing,,,,,,,,,x,,
Lynx,Batman Returns,,Platformer,,,,,,,,,x,,
Lynx,California Games,,Sports,,,,,,,,,x,,
Lynx,Crystal Mines II,,Puzzle/Adventure,,,,,,,,,x,,
Lynx,Electrocop,,Adventure/Shooter,,,,,,,,,x,,
Lynx,Gates of Zendocon,,Shmup,,,,,,,,,x,,
Lynx,Ms. Pac-Man,,Arcade,,,,,,,,,x,,
Lynx,Pac-Land,,Platformer,,,,,,,,,x,,
Lynx,Rampage,,Beat 'm Up,,1:59:25,5,https://youtu.be/3gUh3X5Z1GE,,,,,x,x,
Lynx,Rygar,,Beat 'm Up,,,,,,,,,x,,
Lynx,Scrapyard Dog,,Platformer,,,,,,,,,x,,
Lynx,Xenophobe,,Adventure,,,,,,,,,x,,
Lynx,Xybots,,Adventure,,,,,,,,,x,,
Lynx,Zarlor Mercenary,,Shmup,,,,,,,,,x,,
MSX,Crazy Golf,,Sports,,,,,,,,,x,,
MSX,Hyper Olympic 2,,Sports,,,,,,,,,x,,
MSX,Picture Puzzle,,Puzzle,,0:00:01,4,https://youtu.be/ln4O68cKZnI,x,,,,x,x,
N64,Aero Gauge,,Racing,,,,,,,,,x,,
N64,Automobili Lamborghini,,Racing,,,,,,,,,x,,
N64,Banjo Kazooie,,Platformer,,,,,,,,,x,,
N64,Beetle Adventure Racing,,Racing,,,,,,,,,x,,
N64,Blast Corps,,Misc.,,,,,,,,,x,,
N64,Bomberman 64,,Action,,,,,,,,,x,,
N64,Chopper Attack,,Shmup,,,,,,,,,x,,
N64,Cruis'n World,,Racing,,,,,,,,,x,,
N64,Dark Rift,,Fighting,,,,,,,,,x,,
N64,Destruction Derby 64,,Racing,,3:37:47,7,https://youtu.be/6rygEWy9Sic,,,,,x,x,
N64,Diddy Kong Racing,,Racing,,,,,,,,,x,,
N64,Donkey Kong 64,,Platformer,,,,,,,,,x,,
N64,Doom 64,,FPS,,,,,,,,,x,,
N64,Duke Nukem: Zero Hour,,Shooter,,12:40:33,4,https://www.youtube.com/playlist?list=PLlNqyLg7AQBD_LBK531rlG4l98ArhMXLp,,,,,x,x,
N64,Extreme G 2,,Racing,,,,,,,,,x,,
N64,Extreme-G,,Racing,,,,,,,,,x,,
N64,F-1 World Grand Prix,,Racing,,,,,,,,,x,,
N64,F-Zero X,,Racing,,,,,,,,,x,,
N64,Forsaken 64,,FPS,,10:45:42,6,https://www.youtube.com/playlist?list=PLlNqyLg7AQBD8b87g37iU_x2iRXMGgQtk,,,,,x,x,
N64,Goldeneye 007,,FPS,,,,,,,,,x,,
N64,Hot Wheels Turbo Racing,,Racing,,,,,,,,,x,,
N64,Hydro Thunder,,Racing,,,,,,,,,x,,
N64,International Superstar Soccer 64,,Sports,,4:54:05,8,https://youtu.be/-D6RdlmxJ6I,,,,,x,x,
N64,Lylat Wars (Starfox 64),,Shmup,,,,,,,,,x,,
N64,Mario Kart 64,,Racing,,2:13:53,9,https://youtu.be/5eMQ2_P0EoI,,,,,x,x,
N64,Mickey's Speedway USA,,Racing,,,,,,,,,x,,
N64,Micro Machines 64 Turbo,,Racing,,,,,,,,,x,,
N64,Mischief Makers,,Platformer,,,,,,,,,x,,
N64,Multi Racing Championship,,Racing,,,,,,,,,x,,
N64,Mystical Ninja 2 Starring Goemon,,Platformer,,11:26:27,5,https://www.youtube.com/playlist?list=PLlNqyLg7AQBDIa-h3rdr3B50dsIRrufZk,,,,,x,x,
N64,Pokémon Puzzle League,,Puzzle,,,,,,,,,x,,
N64,Pokémon Snap,,Action/FPS,,,,,,,,,x,,
N64,Pokémon Stadium,,Action,,,,,,,,,x,,
N64,Pokémon Stadium 2,,Action,,42:41:41,7,https://www.youtube.com/playlist?list=PLlNqyLg7AQBCbOohnsmbg-bK07U6Ls-_u,,,,,x,x,
N64,Rampage - World Tour,,Beat 'm Up,,,,,,,,,x,,
N64,Ridge Racer 64,,Racing,,,,,,,,,x,,
N64,Roadsters,,Racing,,,,,,,,,x,,
N64,Rush 2: Extreme Racing USA,,Racing,,,,,,,,,x,,
N64,San Francisco RUSH Extreme Racing,,Racing,,5:19:08,9,https://www.youtube.com/playlist?list=PLlNqyLg7AQBAIBEqvMSCJgvoAxqMB6HBK,,,,,x,x,
N64,Snowboard Kids,,Racing,,,,,,,,,x,,
N64,Super Mario 64,,Platformer,,,,,,,,,x,,
N64,Super Smash Brothers,,Fighting,,,,,,,,,x,,
N64,Superman 64,,Beat 'm Up,,,,,,,,,x,,
N64,The Legend of Zelda: Ocarina of Time,,Adventure,,,,,,,,,x,,
N64,Top Gear Overdrive,,Racing,,,,,,,,,x,,
N64,Top Gear Rally,,Racing,,2:52:54,7,https://youtu.be/q66bHU2pxW4,,,,,x,x,
N64,V-Rally: Edition 99,,Racing,,4:09:15,5,https://youtu.be/PIfkGNHgFhI,,,,,x,x,
N64,Wave Race 64,,Racing,,,,,,,,,x,,
N64,World Cup 98,,Sports,,,,,,,,,x,,
N64,World Driver Championship,,Racing,,,,,,,,,x,,
N64,Yoshi's Story,,Platformer,,,,,,,,,x,,
NDS,Another Code: Two Memories,,Adventure,,,,,,,,,x,,
NDS,Band Hero,,Rythm,,Not allowed on Twitch,,,,,,,,,
NDS,Custom Robo Arena,,Mech Fighting,,,,,,,,,x,,
NDS,Dragon Quest IX: Sentinels of the Starry Skies,,RPG,,,,,,,,,x,,
NDS,Dragon Quest Monsters - Joker 2,,RPG,,,,,,,,,x,,
NDS,Game & Watch Collection,,Arcade,,,,,,,,,x,,
NDS,Guitar Hero: On Tour,,Rythm,,Not allowed on twitch,,,,,,,,,
NDS,Hotel Dusk: Room 215,,Adventure,,,,,,,,,x,,
NDS,Ivy The Kiwi?,,Arcade,,,,,,,,,x,,
NDS,Jewel Master - Cradle of Rome,,Puzzle,,9:26:26,3,https://www.youtube.com/playlist?list=PLlNqyLg7AQBCTfRq-3oKiKMoaXWhVPOY4,,,,,x,x,
NDS,Kirby Mass Attack,,Platformer,,,,,,,,,x,,
NDS,Kirby Mouse Attack,,Platformer,,,,,,,,,x,,
NDS,Kirby Super Star Ultra,,Platformer,,,,,,,,,x,,
NDS,Mario & Sonic at the Olympic Wintergames,,Sports,,10:52:23,7,https://www.youtube.com/playlist?list=PLlNqyLg7AQBB6CTiGOBRtMCC1CT_Oayza,,,,,x,x,
NDS,Mario Kart DS,,Racing,,,,,,,,,x,,
NDS,Mega Man ZX,,Platformer,,9:36:11,6,https://www.youtube.com/playlist?list=PLlNqyLg7AQBBxfi5A-pHLkVpcbh1syk9D,,,,,x,x,
NDS,Metroid Prime Hunters,,Adventure/FPS,,,,,,,,,x,,
NDS,Metroid Prime Hunters: First Hunt,,Demo,,,,,,,,,x,,
NDS,Nanostray,,Shmup,,,,,,,,,x,,
NDS,Need For Speed Pro Street,,Racing,,,,,,,,,x,,
NDS,Need For Speed Underground 2,,Racing,,,,,,,,,x,,
NDS,New Super Mario Bros.,,Platformer,,,,,,,,,x,,
NDS,Ninja Gaiden: Dragon Sword,,Platformer,,,,,,,,,x,,
NDS,Picross 3D,,Puzzle,,38:14:05,8,https://www.youtube.com/playlist?list=PLlNqyLg7AQBBukPbtY6R-MMWlp9fOm8pR,,,,,x,x,
NDS,Pokémon Black,,RPG,,,,,,,,,x,,
NDS,Pokémon Black 2,,RPG,,,,,,,,,x,,
NDS,Pokémon Diamond,,RPG,,,,,,,,,x,,
NDS,Pokémon Platinum,,RPG,,,,,,,,,x,,
NDS,Pokémon SoulSilver,,RPG,,,,,,,,,x,,
NDS,Pokémon White,,RPG,,,,,,,,,x,,
NDS,Pokemon White Version 2,,RPG,,,,,,,,,x,,
NDS,Professor Layton and the Diabolical Box,,Puzzle,,,,,,,,,x,,
NDS,Professor Layton and the Lost Future,,Puzzle,,,,,,,,,x,,
NDS,Rhythm Paradise,,Rythm,,8:55:32,7,https://www.youtube.com/playlist?list=PLlNqyLg7AQBDWCB3IhPYCOECqeQBwn1D-,,,,,x,x,
NDS,Sonic Chronicles: The Dark Brotherhood,,RPG,,,,,,,,,x,,
NDS,Spectrobes: Beyond the Portals,,RPG,,13:40:40,3,https://www.youtube.com/playlist?list=PLlNqyLg7AQBCIDzoz3uxRgzcnR6ajp2Ux,,,,,x,x,
NDS,Super Princess Peach,,Platformer,,,,,,,,,x,,
NDS,Super Scribblenauts,,Puzzle,,14:30:42,6,https://www.youtube.com/playlist?list=PLlNqyLg7AQBAJfyX4_oCbUP_nfOYeqvSa,,,,,x,x,
NDS,The Legend of Zelda: Spirit Tracks,,Action/Adventure,,,,,,,,,x,,
NDS,Trauma Center: Under The Knife,,Action/Survival,,8:57:14,6,https://www.youtube.com/playlist?list=PLlNqyLg7AQBBEEAMiDCAatUMrTGW9PI2O,,,,,x,x,
NDS,Zelda: Phantom Hourglass,,Action/Adventure,,,,,,,,,x,,
NES,Batman,,Platformer,,1:43:48,9,https://youtu.be/IQy3zRscA38,,,,,x,x,
NES,Boulder Dash,,Puzzle,,,,,,,,,x,,
NES,Burai Fighter,,Shmup,,,,,,,,,x,,
NES,Castlevania,,Platformer,,,,,,,,,x,,
NES,Chip 'N' Dale - Rescue Rangers,,Platformer,,,,,,,,,x,,
NES,Cobra Triangle,,Action,,,,,,,,,x,,
NES,Digger T. Rock - The Legend of the Lost City,,Platformer,,,,,,,,,x,,
NES,Donkey Kong Classics,,Platformer,,,,,,,,,x,,
NES,Dr. Mario,,Puzzle,,,,,,,,,x,,
NES,Duck Hunt,Duck Hunt/SMB,Shooter,,,,,,,,,x,,
NES,DuckTales,,Platformer,,0:36:11,9,https://youtu.be/STP5G04mAIA,,,,,x,x,
NES,DuckTales 2,,Platformer,,0:09:43,9,https://www.youtube.com/watch?v=Aexf-aA8mQY,x,https://www.youtube.com/watch?v=VTqczSHcamk,,,x,x,
NES,Gauntlet II,,Action,,,,,,,,,x,,
NES,Gremlins 2: The New Batch,,Platformer,,,,,,,,,x,,
NES,Hook,,Platformer,,1:55:07,7,https://youtu.be/1DNKQiU_Ks8,,,,,x,x,
NES,Jackie Chan's Action Kung Fu,,Platformer,,,,,,,,,x,,
NES,Kabuki Quantum Fighter,,Platformer,,0:51:50,8,https://youtu.be/n0qHa9ggjTs,,,,,x,x,
NES,Kirby's Adventure,,Platformer,,,,,,,,,x,,
NES,Little Nemo The Dream Master,,Platformer,,,,,,,,,x,,
NES,Marble Madness,,Puzzle/Action,,,,,,,,,x,,
NES,Mega Man 2,,Platformer,,,,,,,,,x,,
NES,Power Blade,,Platformer,,,,,,,,,x,,
NES,Punch-Out!!,,Fighting,,,,,,,,,x,,
NES,Rad Racer,,Racing,,,,,,,,,x,,
NES,Rainbow Islands,,Platformer,,,,,,,,,x,,
NES,Rescue: The Embassy Mission,,Action,,,,,,,,,x,,
NES,RoboCop 2,,Platformer,,,,,,,,,x,,
NES,Rollergames,,Beat 'm Up,,,,,,,,,x,,
NES,Rygar,,Adventure/Platformer,,,,,,,,,x,,
NES,Section-Z,,Shmup,,,,,,,,,x,,
NES,Shadow Warriors (Ninja Gaiden),,Platformer,,,,,,,,,x,,
NES,Strider,,Platformer,,,,,,,,,x,,
NES,Super Mario Bros.,Duck Hunt/SMB,Platformer,,,,,,,,,x,,
NES,Super Mario Bros. 3,,Platformer,,,,,,,,,x,,
NES,Super Off Road,,Racing,,2:07:35,6,https://youtu.be/2CieHYG3d24,,,,,x,x,
NES,TaleSpin,,Shmup,,0:16:47,7,https://youtu.be/jyswq331Nj0,x,,,,x,x,
NES,Teenage Mutant Hero Turtles,,Adventure/Platformer,,,,,,,,,x,,
NES,The Adventure Island: Part 2,,Platformer,,,,,,,,,x,,
NES,The Adventures Of Bayou Billy,,Beat 'm Up,,,,,,,,,x,,
NES,The Lion King,,Platformer,,0:06:13,4,https://www.youtube.com/watch?v=O5C42JWJzbg,x,,,,x,x,
NES,The Newzealand Story,,Platformer,,,,,,,,,x,,
Odyssey²,01: Race / Spin-out / Cryptogram,,Misc.,,need AV mod,,,,,,,,,
Odyssey²,02: Pairs / Space Rendezvous / Logic,,Misc.,,need AV mod,,,,,,,,,
Odyssey²,04: Air-Sea War / Battle,,Misc.,,need AV mod,,,,,,,,,
Odyssey²,05: Blackjack / Blackjack (21),,Card Games,,need AV mod,,,,,,,,,
Odyssey²,06: Tenpin Bowling / Basketball,,Sports,,need AV mod,,,,,,,,,
Odyssey²,11: Cosmic Conflict,,Shmup,,need AV mod,,,,,,,,,
Odyssey²,15: Samurai,,Boardgames,,need AV mod,,,,,,,,,
Odyssey²,16: Marksman / Depth charge,,Misc.,,need AV mod,,,,,,,,,
Odyssey²,17: Chinese Logic,,Puzzle,,need AV mod,,,,,,,,,
Odyssey²,18: Laser War,,Shmup,,need AV mod,,,,,,,,,
Odyssey²,19: Catch The Ball / Noughts And Crosses,,Misc.,,need AV mod,,,,,,,,,
Odyssey²,20: Stone Sling,,Misc.,,need AV mod,,,,,,,,,
Odyssey²,22: Space Monster,,Shmup,,need AV mod,,,,,,,,,
Odyssey²,24: Flipper Game,,Pinball,,need AV mod,,,,,,,,,
Odyssey²,25: Skiing,,Sports,,need AV mod,,,,,,,,,
Odyssey²,26: Basket Game,,Sports,,need AV mod,,,,,,,,,
Odyssey²,32: A labyrinth game / Supermind,,Misc.,,need AV mod,,,,,,,,,
Odyssey²,34: Satellite Attack,,Shmup,,need AV mod,,,,,,,,,
Odyssey²,35: Electronic Billiards,,Sports,,need AV mod,,,,,,,,,
Odyssey²,38: Munchkin,,Arcade,,need AV mod,,,,,,,,,
Odyssey²,39: Freedom Fighters,,Shmup,,need AV mod,,,,,,,,,
Odyssey²,43: Pickaxe Pete,,Platformer,,need AV mod,,,,,,,,,
Odyssey²,44: Crazy Chase,,Arcade,,need AV mod,,,,,,,,,
Odyssey²,47: The Mousing Cat,,Misc.,,need AV mod,,,,,,,,,
Odyssey²,49: Turtles,,Arcade,,need AV mod,,,,,,,,,
PC,Baba Is You,,Puzzle,,31:40:13,7,https://www.youtube.com/playlist?list=PLlNqyLg7AQBAz67lpUyiw2PX0nUxV_nPN,,,,,x,x,
PC,Bird Song,,Platformer,,03:51.951,8,https://youtu.be/NYQKRsDqFRM,x,,,,x,x,
PC,Boss Rally,,Racing,,3:19:22,6,https://youtu.be/zLyOrY6-Gfc,,,,,x,x,
PC,Calvin Tucker's Farm Animal Racing,,Racing,,1:26:17,3,https://youtu.be/vIvaCuVbT5E,,,,,x,x,
PC,Celaria,,Platformer,,1:10:33,6,https://youtu.be/iShSUSVbQbk,,,,,x,x,
PC,Crusaders of Might and Magic,,Action/Adventure,,1:34:17,6,https://www.twitch.tv/videos/26794549?t=03s,x,,,,x,x,
PC,Die Hard: Nakatomi Plaza,,FPS,,5:56:00,5,https://youtu.be/seVEnX7Z-QM,,,,,x,x,
PC,Eversion,,Platformer,,0:02:47,8,https://youtu.be/rHRe2uuXs6A,x,,,,x,x,
PC,Extreme Ball Rotator 3,,Platformer,,0:21:20,3,https://youtu.be/qwk2Rb9Ld6o,,,,,x,x,
PC,F.D.N.Y. Firefighter,,Action/Platformer,,0:35:57,7,https://www.twitch.tv/videos/72917008?t=,x,,,,x,x,
PC,Figment,,Adventure/Puzzle,,3:48:00,5,https://youtu.be/HgSDmEMEZHg,,,,,x,x,
PC,Giana Sisters 2D,,Platformer,,2:02:22,4,https://youtu.be/87r9Tdm9azc,,,,,x,x,
PC,Hob,,Action Adventure,,9:00:00,6,https://www.youtube.com/playlist?list=PLlNqyLg7AQBCTNg9o937zebm1IMoJSJYg,,,,,x,x,
PC,In the Line of Duty: Firefighter,,Action/Adventure,,1:54:30,3,https://youtu.be/KJFrquuFoLk,,,,,x,x,
PC,Ion Fury,,FPS,,8:50:00,9,https://www.youtube.com/playlist?list=PLlNqyLg7AQBD93Sh7qVmE9hglxzA0FZ8x,,,,,x,x,
PC,Micro Mages,,Platformer,,2:00:00,8,https://youtu.be/axs0nub3sB8,,,,,x,x,
PC,Nickelodeon Kart Racers 2: Grand Prix,,Racing,,9:39:19,5,https://www.youtube.com/playlist?list=PLlNqyLg7AQBAqClUge90MYvhOe4OvM8mj,,,,,x,x,
PC,Ostrich Runner,,Racing,,1:42:35,4,https://youtu.be/_4mA9JUq5mg,,,,,x,x,
PC,Over 9000 Zombies,,Shooter,,0:50:00,5,https://youtu.be/QjkDyBfTUkg,,,,,x,x,
PC,Plug & Play,,Misc.,,0:10:45,7,https://youtu.be/QtMt5jVCOP0,,,,,x,x,
PC,Pokémon Uranium,,RPG,,22:44:32,7,https://www.youtube.com/playlist?list=PLlNqyLg7AQBBqtZyqx1uDxI6gHCRph5xQ,,,,,x,x,
PC,Race With Ryan,,Racing,,1:28:18,5,https://youtu.be/JHXw9LT1HuE,,,,,x,x,
PC,Super Hipster Lumberjack,,Platformer,,2:01:50,1,https://youtu.be/K62eLJCfK-U,,,,,x,x,
PC,Syobon Action 3,,Platformer,,0:06:11,6,https://youtu.be/SgcFjPRR9Wk,x,,,,x,x,
PC,Tamashii,,Puzzle Platformer,,1:40:00,7,https://youtu.be/8H_bdaaeroE,,,,,x,x,
PC,Teddy Floppy Ear - The Race,,Racing,,3:35:25,4,https://youtu.be/el2sitz_-L0,,,,,x,x,
PC,The Mystery of the Druids,,Adventure,,,,,,,,,x,,
PC,Wheels of Aurelia,,Racing/Interactive Story,,0:33:00,3,https://youtu.be/i08q--1CH2o,,,,,x,x,
PC,WTBoy,,Platformer,,0:14:53,3,https://youtu.be/Mg02tzHlfYU,,,,,x,x,
PS1,1942,Capcom Generations,Shmup,,,,,,,,,x,,
PS1,1943,Capcom Generations,Shmup,,1:06:39,4,https://youtu.be/4s-6tt7dWis,,,,,x,x,
PS1,1943 Kai,Capcom Generations,Shmup,,,,,,,,,x,,
PS1,20 Games: Family Games Compendium,,Misc.,,,,,,,,,x,,
PS1,40 Winks (Ruff & Tumble),,Platformer,,0:34:01,7,https://www.twitch.tv/videos/82448747?t=03s,x,,,,x,x,
PS1,Ace Combat 2,,Shmup,,,,,,,,,x,,
PS1,Action Man: Destruction X,,Misc.,,,,,,,,,x,,
PS1,Action Man: Mission Xtreme,,Misc.,,,,,,,,,x,,
PS1,Adidas Power Soccer,,Sports,,,,,,,,,x,,
PS1,Adidas Power Soccer International '97,,Sports,,,,,,,,,x,,
PS1,Advanced D&D: Iron & Blood - Warriors of Ravenloft,,Fighting,,,,,,,,,x,,
PS1,Air Combat,,Flight Sim.,,,,,,,,,x,,
PS1,All Star Racing,,Racing,,,,,,,,,x,,
PS1,Alone in the Dark: The New Nightmare,,Survival Horror,,,,,,,,,x,,
PS1,Ape Escape,,Platformer,,12:22:54,8,https://www.youtube.com/playlist?list=PLlNqyLg7AQBAnyhV4vLQT6Nmf4sBwVSR6,,,,,x,x,
PS1,Apocalypse,,Shooter,,,,,,,,,x,,
PS1,Asteroids,Atari Anniversary,Arcade,,,,,,,,,x,,
PS1,Asteroids Deluxe,Atari Anniversary,Arcade,,,,,,,,,x,,
PS1,Battlezone,Atari Anniversary,Arcade,,,,,,,,,x,,
PS1,Black Widow,Atari Anniversary,Arcade,,,,,,,,,x,,
PS1,Bushido Blade,,Fighting,,,,,,,,,x,,
PS1,Bust-A-Move 2: Arcade Edition,,Puzzle,,,,,,,,,x,,
PS1,Castlevania: Symphony of the Night,,Adventure/Platformer,,,,,,,,,x,,
PS1,Centipede,Atari Anniversary,Arcade,,,,,,,,,x,,
PS1,Colin McRae Rally,,Racing,,,,,,,,,x,,
PS1,Colony Wars: Vengeance,,Shooter,,,,,,,,,x,,
PS1,Commando,Capcom Generations,Shmup,,,,,,,,,x,,
PS1,CoolBoarders 3,,Racing,,,,,,,,,x,,
PS1,Crash Bandicoot,,Platformer,,6:24:42,7,https://youtu.be/UpofhPBr1gQ,,,,,x,x,
PS1,Crash Bandicoot 2: Cortex Strikes Back,,Platformer,,,,,,,,,x,,
PS1,Crash Bandicoot 3: Warped,,Platformer,,3:11:58,7,https://youtu.be/H12pxDZHdsQ,,,,,x,x,
PS1,Crash Team Racing,,Racing,,,,,,,,,x,,
PS1,Croc 2,,Platformer,,,,,,,,,x,,
PS1,Crusaders of Might and Magic: Blood Pumping Action,,Action/Adventure,,,,,,,,,x,,
PS1,Dead Ball Zone,,Sports,,,,,,,,,x,,
PS1,Deathtrap Dungeon,,Action/Adventure,,,,,,,,,x,,
PS1,Demolition Racer,,Racing,,,,,,,,,x,,
PS1,Destruction Derby,,Racing,,,,,,,,,x,,
PS1,Destruction Derby 2,,Racing,,,,,,,,,x,,
PS1,Die Hard Trilogy,,Action/Shooter,,11:36:12,9,https://www.youtube.com/playlist?list=PLlNqyLg7AQBBbfxXuSSl43q3dbUbpJi6h,,,,,x,x,
PS1,Diver's Dream,,Action/RPG,,,,,,,,,x,,
PS1,DOOM,,FPS,,13:52:24,6,https://www.youtube.com/playlist?list=PLlNqyLg7AQBBmgopnIH4_ZEE_dUwOe_C2,,,,,x,x,
PS1,Driver,,Racing,,,,,,,,,x,,
PS1,Driver 2,,Racing,,,,,,,,,x,,
PS1,Duke Nukem,,FPS,,13:04:14,4,https://www.youtube.com/playlist?list=PLlNqyLg7AQBAzCal5cpyLr6EVNjzkJsIy,,,,,x,x,
PS1,Dune,,RTS,,,,,,,,,x,,
PS1,Euro 2000,,Sports,,,,,,,,,x,,
PS1,Evil Dead: Hail to the King,,Action/Adventure,,,,,,,,,x,,
PS1,Evo's Space Adventures,,Platformer,,,,,,,,,x,,
PS1,Exed Exes,Capcom Generations,Shmup,,,,,,,,,x,,
PS1,FIFA 2000,,Sports,,,,,,,,,x,,
PS1,FIFA 2001,,Sports,,,,,,,,,x,,
PS1,FIFA 2002,,Sports,,,,,,,,,x,,
PS1,FIFA 97,,Sports,,,,,,,,,x,,
PS1,FIFA 99,,Sports,,,,,,,,,x,,
PS1,Final Fantasy VII,,RPG,,,,,,,,,x,,
PS1,Final Fantasy VIII,,RPG,,38:08:57,5,https://www.youtube.com/playlist?list=PLlNqyLg7AQBCVUQGDL3RBnVQDge-atvcN,,,,,x,x,
PS1,Firebugs,,Racing,,,,,,,,,x,,
PS1,Formula One,,Racing,,,,,,,,,x,,
PS1,Forsaken,,FPS,,,,,,,,,x,,
PS1,Ghosts 'N Goblins,Capcom Generations,Platformer,,,,,,,,,x,,
PS1,Ghouls 'N Goblins,Capcom Generations,Platformer,,,,,,,,,x,,
PS1,Gran Turismo,,Racing,,,,,,,,,x,,
PS1,Gran Turismo 2,,Racing,,,,,,,,,x,,
PS1,Grandia,,RPG,,,,,,,,,x,,
PS1,Gravitar,Atari Anniversary,Arcade,,,,,,,,,x,,
PS1,Guilty Gear,,Fighting,,,,,,,,,x,,
PS1,Gun.Smoke,Capcom Generations,Shmup,,,,,,,,,x,,
PS1,Harry Potter and the Philosopher's Stone,,Action/Adventure,,,,,,,,,x,,
PS1,Heart of Darkness,,Action/Adventure,,5:38:59,7,https://youtu.be/9IUGCAvoxkE,,,,,x,x,
PS1,Hidden & Dangerous,,FPS,,,,,,,,,x,,
PS1,Pirate Ship Higemaru,Capcom Generations,Arcade,,4:08:48,4,https://youtu.be/04SYw3_KNlM,,"Got to level 15 (16 is a theoretical loop, but not really)",,,x,x,
PS1,Independence Day: The Game,,Shmup,,1:52:00,3,https://youtu.be/GWqSK47nFYE,,,,,x,x,
PS1,International Superstar Soccer Pro,,Sports,,,,,,,,,x,,
PS1,ISS Pro Evolution,,Sports,,29:49:11,4,https://www.youtube.com/playlist?list=PLlNqyLg7AQBAu_v0L2E7BiI4VVMxM7IrT,,,,,x,x,
PS1,Koudelka,,RPG,,,,,,,,,x,,
PS1,London Racer,,Racing,,,,,,,,,x,,
PS1,Lucky Luke,,Platformer,,,,,,,,,x,,
PS1,M&M's Shell Shocked,,Platformer,,1:51:36,5,https://youtu.be/Nvajb2Jp2ns,,,,,x,x,
PS1,Marvel Super Heroes VS. Capcom,,Fighting,,,,,,,,,x,,
PS1,Men In Black: The Series - Crashdown,,FPS,,,,,,,,,x,,
PS1,Mercs,Capcom Generations,Shmup,,,,,,,,,x,,
PS1,Metal Gear Solid,,Stealth,,,,,,,,,x,,
PS1,Micro Machines V3,,Racing,,,,,,,,,x,,
PS1,Missile Command,Atari Anniversary,Arcade,,,,,,,,,x,,
PS1,Moto Racer,(Destruction Derby 2),Racing,,,,,,,,,x,,
PS1,Need For Speed III: Hot Pursuit,,Racing,,,,,,,,,x,,
PS1,Need For Speed: Road Challenge,,Racing,,,,,,,,,x,,
PS1,Pac-Man World,,Platformer,,,,,,,,,x,,
PS1,Pax Corpus,,Shooter,,,,,,,,,x,,
PS1,Pong,Atari Anniversary,Arcade,,,,,,,,,x,,
PS1,Porsche Challenge,,Racing,,,,,,,,,x,,
PS1,Rainbox Six: Lone Wolf,,FPS,,,,,,,,,x,,
PS1,Rayman,,Platformer,,,,,,,,,x,,
PS1,Rayman 2: The Great Escape,,Platformer,,,,,,,,,x,,
PS1,Re-Loaded,,Shooter,,,,,,,,,x,,
PS1,Ridge Racer,,Racing,,,,,,,,,x,,
PS1,Ridge Racer Revolution,,Racing,,,,,,,,,x,,
PS1,Ridge Racer Type 4,,Racing,,,,,,,,,x,,
PS1,Rocket Power: Team Rocket Rescue,,Sports,,,,,,,,,x,,
PS1,Sanvein,,Shmup,,,,,,,,,x,,
PS1,Sentinel Returns,,Puzzle,,,,,,,,,x,,
PS1,Shadowman,,Action/Adventure,,,,,,,,,x,,
PS1,Sheep,,Puzzle,,4:40:31,7,https://youtu.be/GzTYZpPEgl0,,,,,x,x,
PS1,SonSon,Capcom Generations,Shmup,,,,,,,,,x,,
PS1,Soulblade,(Tekken 2),Fighting,,,,,,,,,x,,
PS1,South Park Rally,,Racing,,,,,,,,,x,,
PS1,Space Debris,,Shmup,,,,,,,,,x,,
PS1,Space Duel,Atari Anniversary,Arcade,,1:05:00,6,https://youtu.be/2jIrOW4a5ZI,,,,,x,x,
PS1,Spec Ops: Ranger Elite,,Shooter,,,,,,,,,x,,
PS1,Spider-Man 2 Enter: Electro,,Action/Adventure,,,,,,,,,x,,
PS1,Street Fighter Alpha 3,,Fighting,,,,,,,,,x,,
PS1,Strike Force Hydra,,Shmup,,,,,,,,,x,,
PS1,Super Breakout,Atari Anniversary,Arcade,,,,,,,,,x,,
PS1,Super Ghouls 'N Goblins,Capcom Generations,Platformer,,,,,,,,,x,,
PS1,Syphon Filter 2,,Shooter,,,,,,,,,x,,
PS1,Syphon Filter 3,,Shooter,,8:51:03,7,https://www.youtube.com/playlist?list=PLlNqyLg7AQBBumrg3f-wDg0fVsEVIL6To,,,,,x,x,
PS1,Tekken 2,,Fighting,,,,,,,,,x,,
PS1,Tekken 3,,Fighting,,4:20:00,7,https://youtu.be/2Wc8C0qWi_Q,,,,,x,x,
PS1,Tekken 3: Collector's Edition Demo Disc,,Fighting,,0:11:16,4,https://youtu.be/fBmUxPRDx2w,,,,,x,x,
PS1,Tempest,Atari Anniversary,Arcade,,,,,,,,,x,,
PS1,The Lost World: Jurassic Park,,Platformer,,,,,,,,,x,,
PS1,The Note,,Adventure,,,,,,,,,x,,
PS1,This Is Football,,Sports,,,,,,,,,x,,
PS1,Tiny Tank,,Adventure/Shooter,,,,,,,,,x,,
PS1,TOCA 2 Touring Cars,,Racing,,10:01:30,4,https://www.youtube.com/playlist?list=PLlNqyLg7AQBAxkFBBzD6YXP1rJLBFTOMD,,,,,x,x,
PS1,Toca Touring Car Championship,,Racing,,,,,,,,,x,,
PS1,TOCA World Touring Cars,,Racing,,,,,,,,,x,,
PS1,Tomb Raider: The Last Revelation,,Action/Adventure,,,,,,,,,x,,
PS1,Tommi Mäkinen Rally,,Racing,,,,,,,,,x,,
PS1,Tomorrow Never Dies,,Shooter,,,,,,,,,x,,
PS1,True Pinball,,Pinball,,,,,,,,,x,,
PS1,Tunnel B1,,FPS,,10:27:51,4,,,,,,x,x,
PS1,V-Rally 2: Championship Edition,,Racing,,6:44:04,7,https://www.youtube.com/playlist?list=PLlNqyLg7AQBDckkFKM7Fe1AllGkNwfc6f,,,,,x,x,
PS1,V-Rally 97: Championship Edition,,Racing,,3:12:34,3,https://youtu.be/lKdNeTlTUHI,,,,,x,x,
PS1,V2000,,Sim.,,,,,,,,,x,,
PS1,Vulgus,Capcom Generations,Shmup,,,,,,,,,x,,
PS1,Warlords,Atari Anniversary,Arcade,,,,,,,,,x,,
PS1,Warpath Jurassic Park,,Fighting,,,,,,,,,x,,
PS1,Warzone 2100,,RTS,,,,,,,,,x,,
PS1,Wip3out,,Racing,,,,,,,,,x,,
PS1,World Cup 98,,Sports,,,,,,,,,x,,
PS1,World's Scariest Police Chases,,Racing,,3:35:12,7,https://youtu.be/ZFrWj370F8w,,,,,x,x,
PS1,WRC Arcade,,Racing,,,,,,,,,x,,
PS1,X-Men: Mutant Academy 2,,Fighting,,0:53:10,8,https://youtu.be/NsRmH2JP4Cg,,,,,x,x,
PS1,X2,,Shmup,,,,,,,,,x,,
PS1,Yu-Gi-Oh! Forbidden Memories,,Card Games,,,,,,,,,x,,
PS2,1942,Capcom Classics Collection,Shmup,,,,,,,,,x,,
PS2,1943,Capcom Classics Collection,Shmup,,,,,,,,,x,,
PS2,1943 Kai,Capcom Classics Collection,Shmup,,,,,,,,,x,,
PS2,1945,1945 I & II,Shmup,,0:30:21,8,https://youtu.be/XMFk9mjo6OY,,,,,x,x,
PS2,.hack // Infection,,RPG,,,,,,,,,x,,
PS2,1945 II,1946 I & II,Shmup,,0:27:07,8,https://youtu.be/iyMbbKJaYMM,,,,,x,x,
PS2,7 Sins,,Dating Sim.,,,,,,,,,x,,
PS2,Alone in the Dark: The New Nightmare,,Survival Horror,,,,,,,,,x,,
PS2,Anubis II,,Platformer,,,,,,,,,x,,
PS2,Auto Modellista,,Racing,,,,,,,,,x,,
PS2,Avatar: The Legend of Aang,,Beat 'm Up,,,,,,,,,x,,
PS2,Babe,,Puzzle,,,,,,,,,x,,
PS2,Baldur's Gate: Dark Alliance,,Beat 'm Up/RPG,,,,,,,,,x,,
PS2,Bionic Commando,Capcom Classics Collection,Platformer,,,,,,,,,x,,
PS2,Black,,FPS,,5:56:30,6,https://youtu.be/SCpb0lW-6R0,,,,,x,x,
PS2,Blowout,,Shooter,,,,,,,,,x,,
PS2,Bonanza Bros,SEGA Classics Collection,Stealth / Platformer,,0:44:56,5,https://youtu.be/vNEVpwkl_Wk,,,,,x,x,
PS2,Brave: The Search For Spirit Dancer,,Platformer,,,,,,,,,x,,
PS2,Burnout,,Racing,,4:09:35,8,https://www.youtube.com/watch?v=9FmmsRDoRs8&list=PLlNqyLg7AQBDaLTfJX_UmdVqlwbpOoo8u,,,,,x,x,
PS2,Burnout 2: Point of Impact,,Racing,,,,,,,,,x,,
PS2,Burnout Revenge,,Racing,,,,,,,,,x,,
PS2,Butt-Ugly Martians: Zoom or Doom,,Racing,,,,,,,,,x,,
PS2,Buzz! Junior: Dinos,,Party,,,,,,,,,x,,
PS2,Buzz! The Big Quiz,,Party,,,,,,,,,x,,
PS2,Buzz! The Music Quiz,,Party,,Not allowed on Twitch,,,,,,,,,
PS2,Call of Duty 2: Big Red One,,FPS,,,,,,,,,x,,
PS2,Call of Duty: Finest Hour,,FPS,,,,,,,,,x,,
PS2,Canis Canem Edit,,Open World,,,,,,,,,x,,
PS2,Captain Scarlet,,Racing,,,,,,,,,x,,
PS2,Castle Shikigami: 2 War of the Worlds,,Shmup,,,,,,,,,x,,
PS2,Cel Damage Overdrive,,Racing,,,,,,,,,x,,
PS2,Charlie's Angels,,Beat 'm Up,,,,,,,,,x,,
PS2,Columns,SEGA Classics Collection,Puzzle,,,,,,,,,x,,
PS2,Commando,Capcom Classics Collection,Shmup,,,,,,,,,x,,
PS2,Crazy Taxi,,Racing,,,,,,,,,x,,
PS2,Dead Or Alive 2,,Fighting,,,,,,,,,x,,
PS2,Deus EX,,Tactical FPS,,,,,,,,,x,,
PS2,Devil May Cry 3,,Action/Adventure,,,,,,,,,x,,
PS2,Doomsday Racers,,Racing,,,,,,,,,x,,
PS2,Downtown Run,,Racing,,,,,,,,,x,,
PS2,Dragon Quest: The Journey of the Cursed King,,RPG,,62:10:52,6,https://www.youtube.com/playlist?list=PLlNqyLg7AQBAUdkafMlDFXwk1lVbnv-j_,,,,,x,x,
PS2,DragonBall Z: Budokai 2,,Fighting,,,,,,,,,x,,
PS2,Drakengard,,RPG,,9:40:00,4,https://www.youtube.com/playlist?list=PLlNqyLg7AQBDr7AI-W1FVcWpLvcuPsMvv,,,,,x,x,
PS2,EXED Exes,Capcom Classics Collection,Shmup,,,,,,,,,x,,
PS2,Extreme G III,,Racing,,,,,,,,,x,,
PS2,Fantasy Zone,SEGA Classics Collection,Shmup,,4:52:22,7,https://youtu.be/5Epv7-d-MHg,,,,,x,x,
PS2,Final Fantasy X,,RPG,,,,,,,,,x,,
PS2,Final Fantasy X-2,,RPG,,,,,,,,,x,,
PS2,Final Fight,Capcom Classics Collection,Beat 'm up,,,,,,,,,x,,
PS2,Flipnic,,Pinball,,,,,,,,,x,,
PS2,Ford Street Racing,,Racing,,,,,,,,,x,,
PS2,Forgotten Worlds,Capcom Classics Collection,Shmup,,,,,,,,,x,,
PS2,Fur Fighters: Viggo's Revenge,,Shooter,,,,,,,,,x,,
PS2,Garfield,,Puzzle/Adventure,,,,,,,,,x,,
PS2,Garfield 2,,Platformer,,,,,,,,,x,,
PS2,Ghosthunter,,Survival Horror,,,,,,,,,x,,
PS2,Ghosts'n Goblins,Capcom Classics Collection,Platformer,,,,,,,,,x,,
PS2,Ghouls'n Ghosts,Capcom Classics Collection,Platformer,,,,,,,,,x,,
PS2,God of War,,Action/Adventure,,,,,,,,,x,,
PS2,Golden Axe,SEGA Classics Collection,Beat 'm Up,,,,,,,,,x,,
PS2,Gran Turismo 3: A-Spec,,Racing,,,,,,,,,x,,
PS2,Gran Turismo 4,,Racing,,,,,,,,,x,,
PS2,Gran Turismo Concept,,Racing,,,,,,,,,x,,
PS2,Grand Theft Auto: Liberty City Stories,,Open World,,15:07:56,7,https://www.youtube.com/playlist?list=PLlNqyLg7AQBDixolgGt1JBhZdGlVoUY7X,,,,,x,x,
PS2,Grand Theft Auto: Vice City Stories,,Open World,,,,,,,,,x,,
PS2,Guerilla Strike,,Shmup,,,,,,,,,x,,
PS2,Guilty Gear X2,,Fighting,,,,,,,,,x,,
PS2,Gumball 3000,,Racing,,,,,,,,,x,,
PS2,Gun Smoke,Capcom Classics Collection,Shmup,,,,,,,,,x,,
PS2,Hamster Heroes,,Action/Platformer,,,,,,,,,x,,
PS2,Hitman 2: Silent Assassin,,Action/Shooter,,,,,,,,,x,,
PS2,Home Alone,,Arcade,,2:13:40,6,https://youtu.be/DU0rknKZ_VU,,,,,x,x,
PS2,Horsez: Plezier op de Manege (Ranch Rescue),,Sports,,,,,,,,,x,,
PS2,Jak 3,,Open World / Action,,13:56:50,7,https://www.youtube.com/playlist?list=PLlNqyLg7AQBAKJ96Dg7VuN-8cadVU_o4U,,,,,x,x,
PS2,Jak and Daxter: The Precursor Legacy,,Platformer,,,,,,,,,x,,
PS2,Jak II: Renegade,,Platformer,,,,,,,,,x,,
PS2,Jak X,,Racing,,,,,,,,,x,,
PS2,Jet Ion GP,,Racing,,,,,,,,,x,,
PS2,Judge Dredd: Dredd Vs Death,,FPS,,,,,,,,,x,,
PS2,Jumanji,,Boardgames,,,,,,,,,x,,
PS2,Killzone,,FPS,,,,,,,,,x,,
PS2,King Of Fighters: Maximum Impact,,Fighting,,,,,,,,,x,,
PS2,Kingdom Hearts,,RPG,,,,,,,,,x,,
PS2,Kingdom Hearts II,,RPG,,,,,,,,,x,,
PS2,Lassie,,Platformer,,0:13:49,4,https://youtu.be/TeUz-OtSYzA,x,,,,x,x,
PS2,Legendary Wings,Capcom Classics Collection,Shmup,,,,,,,,,x,,
PS2,Madagascar,,Platformer,,,,,,,,,x,,
PS2,Maniac Mole,,Platformer,,,,,,,,,x,,
PS2,Max Payne 2: The Fall of Max Payne,,Shooter,,8:19:20,7,https://www.youtube.com/playlist?list=PLlNqyLg7AQBAPj4w4_l-X1xKVNnN7vwGl,,,,,x,x,
PS2,MDK 2 Armageddon,,Shooter,,,,,,,,,x,,
PS2,Medal of Honor: Frontline,,Shooter,,,,,,,,,x,,
PS2,Mercury Meltdown Remix,,Arcade,,,,,,,,,x,,
PS2,Mercs,Capcom Classics Collection,Shmup,,,,,,,,,x,,
PS2,Metal Slug,Metal Slug Anthology,Shooter/Platformer,,,,,,,,,x,,
PS2,Metal Slug 2,Metal Slug Anthology,Shooter/Platformer,,,,,,,,,x,,
PS2,Metal Slug 3,Metal Slug Anthology,Shooter/Platformer,,,,,,,,,x,,
PS2,Metal Slug 4,Metal Slug Anthology,Shooter/Platformer,,,,,,,,,x,,
PS2,Metal Slug 5,Metal Slug Anthology,Shooter/Platformer,,,,,,,,,x,,
PS2,Metal Slug 6,Metal Slug Anthology,Shooter/Platformer,,,,,,,,,x,,
PS2,Metal Slug X,Metal Slug Anthology,Shooter/Platformer,,,,,,,,,x,,
PS2,Midnight Club 3: DUB Edition,,Racing,,,,,,,,,x,,
PS2,Mobile Light Force 2,,Shmup,,,,,,,,,x,,
PS2,Monaco GP,SEGA Classics Collection,Racing,,2:07:15,4,https://youtu.be/b4l36O9F_Zo,,might revisit,,,x,x,
PS2,Myth Makers Super Kart GP,,Racing,,4:18:37,2,https://youtu.be/V6xAFZDkb08,,,,,x,x,
PS2,Myth Makers: Orbs of Doom,,Arcade,,,,,,,,,x,,
PS2,Need for Speed: Carbon,,Racing,,,,,,,,,x,,
PS2,Need for Speed: Most Wanted,,Racing,,,,,,,,,x,,
PS2,Need for Speed: Pro Street,,Racing,,19:32:40,3,https://www.youtube.com/playlist?list=PLlNqyLg7AQBDZNS7vTA-Ok-_bwSLi4zoa,,,,,x,x,
PS2,Need For Speed: Underground,,Racing,,,,,,,,,x,,
PS2,Need for Speed: Underground 2,,Racing,,,,,,,,,x,,
PS2,Onimusha: Warlords,,Action,,,,,,,,,x,,
PS2,Outlaw Volleyball Remixed,,Sports,,,,,,,,,x,,
PS2,Outrun,SEGA Classics Collection,Racing,,,,,,,,,x,,
PS2,Paard & Pony: Topruiter (Riding Star),,Sports,,9:38:35,5,https://www.youtube.com/playlist?list=PLlNqyLg7AQBCm-NoEYcGsxKxNHH7PKmb7,,,,,x,x,
PS2,Panzer Front Ausf. B,,Sim.,,,,,,,,,x,,
PS2,Peter Jackson's King Kong,,Adventure/FPS,,,,,,,,,x,,
PS2,Pirate Ship Higemaru,Capcom Classics Collection,Arcade,,,,,,,,,x,,
PS2,Primal,,Action/Adventure,,,,,,,,,x,,
PS2,Psyvariar,,Shmup,,,,,,,,,x,,
PS2,R-Type Final,,Shmup,,,,,,,,,x,,
PS2,Ratchet & Clank,,Action,,,,,,,,,x,,
PS2,Ratchet & Clank 3,,Action,,,,,,,,,x,,
PS2,Ratchet & Clank: Size Matters,,Action,,,,,,,,,x,,
PS2,Ratchet Gladiator,,Action,,6:13:47,7,https://youtu.be/F-fixGVQSOw,,,,,x,x,
PS2,Rayman Raving Rabbids,,Party,,4:47:50,5,https://www.youtube.com/playlist?list=PLlNqyLg7AQBBOA5KpOLC2GAzhp9zHayRK,,,,,x,x,
PS2,Resident Evil 4,,Survival Horror,,,,,,,,,x,,
PS2,Return To Castle Wolfenstein: Operation Resurrection,,FPS,,,,,,,,,x,,
PS2,Ridge Racer V,,Racing,,2:20:00,9,https://youtu.be/Fe5K7WYxk00,,,,,x,x,
PS2,Rig Racer 2,,Racing,,,,,,,,,x,,
PS2,Scarface: The World Is Yours,,Open World,,23:16:41,4,https://www.youtube.com/playlist?list=PLlNqyLg7AQBDIw8MlHLf2h1jfwsTu1jvp,,,,,x,x,
PS2,Section Z,Capcom Classics Collection,Shmup,,,,,,,,,x,,
PS2,Seek and Destroy,,Shooter,,,,,,,,,x,,
PS2,Serious Sam: Next Encounter,,FPS,,10:52:55,6,https://www.youtube.com/playlist?list=PLlNqyLg7AQBAXMvGmwi1gzHckX_s4HxzB,,,,,x,x,
PS2,Smarties Meltdown,,Platformer,,0:07:56,5,https://youtu.be/xbKNZMF6I7c,,,,,x,x,
PS2,Smash Cars,,Racing,,,,,,,,,x,,
PS2,SonSon,Capcom Classics Collection,Arcade,,,,,,,,,x,,
PS2,Space Harrier,SEGA Classics Collection,Shooter,,,,,,,,,x,,
PS2,Space Invaders: Invasion Day,,Shmup,,,,,,,,,x,,
PS2,SpyHunter,,Arcade/Racing,,,,,,,,,x,,
PS2,SSX 3,,Sports,,,,,,,,,x,,
PS2,SSX On Tour,,Sports,,,,,,,,,x,,
PS2,Street Fighter II,Capcom Classics Collection,Fighting,,,,,,,,,x,,
PS2,Street Fighter II: Champion Edition,Capcom Classics Collection,Fighting,,,,,,,,,x,,
PS2,Street Fighter II: Hyper Fighting,Capcom Classics Collection,Fighting,,,,,,,,,x,,
PS2,Super Ghouls'n Ghosts,Capcom Classics Collection,Platformer,,,,,,,,,x,,
PS2,Tant-R,SEGA Classics Collection,Party,,1:10:22,8,https://youtu.be/olhbzZMrne8,,,,,x,x,
PS2,Tarzan Freeride,,Platformer,,,,,,,,,x,,
PS2,Tekken 5,,Fighting,,,,,,,,,x,,
PS2,The Bard's Tale,,RPG,,,,,,,,,x,,
PS2,The Mummy Returns,,Action/Adventure,,,,,,,,,x,,
PS2,The Red Star,,Shmup,,,,,,,,,x,,
PS2,The Sims 2: Pets,,Sim.,,,,,,,,,x,,
PS2,TMNT: Teenage Mutant Ninja Turtles,,Platformer,,,,,,,,,x,,
PS2,Tomb Raider: Anniversary,,Action/Adventure,,,,,,,,,x,,
PS2,Tomb Raider: Legend,,Action/Adventure,,,,,,,,,x,,
PS2,Tony Hawk's Pro Skater 4,,Sports,,,,,,,,,x,,
PS2,Tony Hawk's Underground 2,,Sports,,,,,,,,,x,,
PS2,Total Overdose,,Shooter,,,,,,,,,x,,
PS2,Trixie In Toyland,,Platformer,,,,,,,,,x,,
PS2,Trojan,Capcom Classics Collection,Platformer,,,,,,,,,x,,
PS2,True Crime: New York City,,Open World,,,,,,,,,x,,
PS2,Turbo Trucks,,Racing,,0:47:33,2,https://youtu.be/iO2i5NmZSEc,,,,,x,x,
PS2,Viewtiful Joe 2,,Platformer,,,,,,,,,x,,
PS2,Virtua Racing,SEGA Classics Collection,Racing,,,,,,,,,x,,
PS2,Vulgus,Capcom Classics Collection,Shmup,,,,,,,,,x,,
PS2,Wacky Races: Mad Motors,,Racing,,1:40:05,4,https://youtu.be/fza5pWjyVSI,,,,,x,x,
PS2,WipEout Pulse,,Racing,,,,,,,,,x,,
PS2,Worms 4: Mayhem,,Party,,,,,,,,,x,,
PS2,WRC 3,,Racing,,,,,,,,,x,,
PS2,WRC Rally Evolved,,Racing,,,,,,,,,x,,
PS2,WRC World Rally Championship,,Racing,,,,,,,,,x,,
PS2,X Squad,,Shooter,,,,,,,,,x,,
PS2,XIII,,FPS,,,,,,,,,x,,
PS2,Zone Of The Enders,,Mech Sim.,,4:24:57,5,https://youtu.be/RlDeJKv53BU,,,,,x,x,
PS2,Zone of the Enders: The 2nd Runner,,Mech Sim.,,,,,,,,,x,,
PS3,3D Dot Game Heroes,,Adventure,,,,,,,,,x,,
PS3,Alice: Madness Returns,,Platformer,,,,,,,,,x,,
PS3,American McGee's Alice,,Platformer,,10:10:09,6,https://www.youtube.com/playlist?list=PLlNqyLg7AQBDK1WZqOByFK6KohdltoXaG,,,,,x,x,
PS3,Bioshock,,FPS,,,,,,,,,x,,
PS3,BlazBlue,,Fighting,,,,,,,,,x,,
PS3,Brütal Legend,,Adventure/RTS,,,,,,,,,x,,
PS3,Catherine,,Puzzle,,12:49:59,6,https://www.youtube.com/playlist?list=PLlNqyLg7AQBB64oHFhVXCl0SHhFqCWfRk,,,,,x,x,
PS3,Colin McRae DiRT,,Racing,,,,,,,,,x,,
PS3,Dante's Inferno,,Action/Adventure,,11:54:59,5,"https://www.twitch.tv/videos/1141512628
https://www.twitch.tv/videos/1174728716
https://www.twitch.tv/videos/1170067196
https://www.twitch.tv/videos/1165440039",,,,,x,x,
PS3,Darksiders,,Action/Adventure,,,,,,,,,x,,
PS3,Darksiders II,,Adventure/RPG,,,,,,,,,x,,
PS3,Dead Space,,Survival Horror,,,,,,,,,x,,
PS3,Dead Space 2,,Survival Horror,,,,,,,,,x,,
PS3,Dead Space 3,,Survival Horror,,,,,,,,,x,,
PS3,Dirt 2,,Racing,,,,,,,,,x,,
PS3,Dirt 3,,Racing,,,,,,,,,x,,
PS3,DJ Hero,,Rythm,,Not allowed on Twitch,,,,,,,,,
PS3,DJ Hero 2,,Rythm,,Not allowed on Twitch,,,,,,,,,
PS3,Dragon's Crown,,Beat 'm Up,,0:31:36,9,https://youtu.be/jsyqZySX98U,x,,,,x,x,
PS3,Duke Nukem Forever,,FPS,,9:48:39,4,"https://www.twitch.tv/videos/1179206439
https://www.twitch.tv/videos/1184582954
https://www.twitch.tv/videos/1185547240",,,,,x,x,
PS3,Final Fantasy XIII,,RPG,,,,,,,,,x,,
PS3,Final Fantasy XIII - Lightning Returns,,RPG,,,,,,,,,x,,
PS3,Final Fantasy XIII-2,,RPG,,,,,,,,,x,,
PS3,Gran Turismo 5,,Racing,,,,,,,,,x,,
PS3,Gran Turismo 6,,Racing,,,,,,,,,x,,
PS3,Grid,,Racing,,,,,,,,,x,,
PS3,Guilty Gear Xrd - Revelator,,Fighting,,,,,,,,,x,,
PS3,Gunstar Heroes,,Shooter,,,,,,,,,x,,
PS3,Hitman 2: Silent Assassin,Hitman HD Trilogy,Action/Shooter,,,,,,,,,x,,
PS3,Hitman: Blood Money,Hitman HD Trilogy,Action/Shooter,,,,,,,,,x,,
PS3,Hitman: Contracts,Hitman HD Trilogy,Action/Shooter,,,,,,,,,x,,
PS3,Hyperdimension Neptunia,,RPG,,,,,,,,,x,,
PS3,ICO,Ico & Shadow of the Colossus HD Collection,Adventure,,,,,,,,,x,,
PS3,Katamari Forever,,Arcade,,,,,,,,,x,,
PS3,Killzone 3,,Shooter,,,,,,,,,x,,
PS3,Marvel Vs. Capcom 3: Fate of Two Worlds,,Fighting,,0:32:58,7,https://youtu.be/K6v_N8meUqI,,,,,x,x,
PS3,Mega Man 10,,Platformer,,,,,,,,,x,,
PS3,ModNation Racers,,Racing,,,,,,,,,x,,
PS3,Motor Storm: Pacific Rift,,Racing,,15:00:00,6,https://www.youtube.com/playlist?list=PLlNqyLg7AQBBdLsFNe6bWhkL3w96A-tA_,,,,,x,x,
PS3,Playstation All-Stars Battle Royale,,Fighting,,,,,,,,,x,,
PS3,Portal 2,,Puzzle,,,,,,,,,x,,
PS3,Ratchet & Clank: Tools of Destruction,,Platformer,,,,,,,,,x,,
PS3,Ratchet and Clank: Nexus,,Platformer,,,,,,,,,x,,
PS3,Ratchet and Clank: Quest for Booty,,Platformer,,,,,,,,,x,,
PS3,Risen 3: Titan Lords,,Action RPG,,,,,,,,,x,,
PS3,Sega Rally,,Racing,,,,,,,,,x,,
PS3,Shadow of the Colossus,Ico & Shadow of the Colossus HD Collection,Action Adventure,,8:24:50,8,https://www.youtube.com/playlist?list=PLlNqyLg7AQBBmQvmcwZo1oNm7KYUQezy3,,,,,x,x,
PS3,Skylanders Giants,,Action/Adventure,,,,,,,,,x,,
PS3,Skylanders Swap Force,,Action/Adventure,,,,,,,,,x,,
PS3,Skylanders: Spyro's Adventure,,Action/Adventure,,7:33:40,6,https://www.youtube.com/playlist?list=PLlNqyLg7AQBBZg1UaWz15p35uH9fjzjhf,,,,,x,x,
PS3,Skylanders: Trap Team,,Action/Adventure,,2:50:36,7,https://www.twitch.tv/videos/41723432?t=,x,,,,x,x,
PS3,Sonic & Sega All-Stars Racing,,Racing,,,,,,,,,x,,
PS3,Super Motherload,,Adventure,,6:00:00,5,https://youtu.be/3rZrDpDCEEo,,,,,x,x,
PS3,Tekken 6,,Fighting,,,,,,,,,x,,
PS3,The Elder Scrolls IV: Oblivion - GotY Edition,,Open World RPG,,,,,,,,,x,,
PS3,Tokyo Jungle,,Action/Adventure,,12:00:08,7,https://www.youtube.com/playlist?list=PLlNqyLg7AQBBlAOYvmsb1ehn_t2LRPhws,,,,,x,x,
PS3,WipEout HD Fury,,Racing,,,,,,,,,x,,
PS3,Wolfenstein 3D,,FPS,,,,,,,,,x,,
PS3,X-Men Origins:Wolverine - Uncaged Edition,,Action/Adventure,,,,,,,,,x,,
PS4,ABZÛ,,Adventure,,1:52:16,9,https://youtu.be/GauLwWJ-hms,,,,,x,x,
PS4,Assassin's Creed: Freedom Cry,,Action/Adventure,,6:50:00,5,https://www.youtube.com/playlist?list=PLlNqyLg7AQBDHSaN4LCClS62imruftqqB,,,,,x,x,
PS4,BATMAN: The Telltale Series,,Interactive Story,,7:28:10,4,https://www.youtube.com/playlist?list=PLlNqyLg7AQBDDFFWlRjxine14sPtIzLK7,,,,,x,x,
PS4,Bloodborne - GOTY Edition,,Action/Adventure,,,,,,,,,,,
PS4,Bloodstained: Ritual of the Night,,Action RPG,,19:30:01,8,https://www.youtube.com/playlist?list=PLlNqyLg7AQBAqdT-w74_Ukf_RD2LaYwSc,,,,,x,x,
PS4,Bombing Busters,,Arcade,,10:46:55,3,https://www.youtube.com/playlist?list=PLlNqyLg7AQBBf19SpnUvHqAQCbsNHx3A8,,,,,x,x,
PS4,Bound,,Platformer,,1:55:10,6,https://youtu.be/mOaNzP9fjPg,,,,,x,x,
PS4,Burly Men at Sea,,Interactive Story,,2:29:20,5,https://youtu.be/e3AFXLW0Quk,,,,,x,x,
PS4,Child of Light,,RPG,,9:38:16,6,https://www.youtube.com/playlist?list=PLlNqyLg7AQBD-vVPQNnTGFBYPvnOObugq,,,,,x,x,
PS4,Crash Bandicoot,Crash Bandicoot N-Sane Trilogy,Platformer,,,,,,,,,x,,
PS4,Crash Bandicoot 2: Cortex Strikes Back,Crash Bandicoot N-Sane Trilogy,Platformer,,,,,,,,,x,,
PS4,Crash Bandicoot 3: Warped,Crash Bandicoot N-Sane Trilogy,Platformer,,,,,,,,,x,,
PS4,Crash Bandicoot 4: It's About Time,,Platformer,,,,,,,,,x,,
PS4,Crash Team Racing: Nitro Fueled,,Racing,,9:44:30,9,https://www.youtube.com/playlist?list=PLlNqyLg7AQBCl7WMhhbWm9njJ_C_65Nb4,,,,,x,x,
PS4,Death Stranding,,Adventure/Shooter,,35:17:18,10,https://www.youtube.com/playlist?list=PLlNqyLg7AQBCFKSuZYcxO_raefS1q8R18,,,,,x,x,
PS4,DiRT 4,,Racing,,,,,,,,,x,,
PS4,DIRT 5,,Racing,,16:13:13,5,https://www.youtube.com/playlist?list=PLlNqyLg7AQBBeg5-Zwx4XOnyulqYEKQIt,,,,,x,x,
PS4,forma.8,,Adventure/Exploration,,6:43:45,5,https://www.youtube.com/playlist?list=PLlNqyLg7AQBA91EFxlnwZfxmPs8ktbWh8,,,,,x,x,
PS4,FIFA 14,,Sports,,,,,,,,,x,,
PS4,FIFA 15,,Sports,,,,,,,,,x,,
PS4,GRID,,Racing,,29:50:33,5,https://www.youtube.com/playlist?list=PLlNqyLg7AQBBnUOpmPt4wEviKvttuMWja,,,,,x,x,
PS4,Horizon Chase Turbo,,Racing,,24:49:01,6,https://www.youtube.com/playlist?list=PLlNqyLg7AQBBu4zOZoYKq6fUoVzplAJAt,,,,,x,x,
PS4,Horizon Zero Down,,Open World,,,,,,,,,x,,
PS4,Hue,,Puzzle Platformer,,3:52:45,7,https://youtu.be/2QjFbUKgEc4,,,,,x,x,
PS4,Inertial Drift,,Racing,,19:12:30,7,https://www.youtube.com/playlist?list=PLlNqyLg7AQBBqe9G44Y6tC_EWwik-A0CJ,,,,,x,x,
PS4,Just Cause 3,,Open World Action,,47:06:25,5,https://www.youtube.com/playlist?list=PLlNqyLg7AQBDyXgQ0bZBkNBVaGPpaPDvB,,,,,x,x,
PS4,Knack,,Beat 'm Up,,12:24:28,5,https://www.youtube.com/playlist?list=PLlNqyLg7AQBAObW9LxZb3s0vJTEFhJma3,,,,,x,x,
PS4,Q.U.B.E.: Director's Cut,,Puzzle,,4:06:49,7,https://www.youtube.com/playlist?list=PLlNqyLg7AQBAI4q6GJCtVmDNmQEH1bIro,,,,,x,x,
PS4,Ratchet & Clank,,Platformer,,11:18:08,8,https://www.youtube.com/playlist?list=PLlNqyLg7AQBBdVz8k7T7AM4S3hxz_7quR,,,,,x,x,
PS4,Rime,,Puzzle Platformer,,5:03:38,7,https://youtu.be/I9ZiLtvF7XI,,,,,x,x,
PS4,SOMA,,Survival Horror,,9:09:06,7,https://www.youtube.com/playlist?list=PLlNqyLg7AQBDfNqFPkC7HJDFw3cEP6Ps9,,,,,x,x,
PS4,Sparkle 2,,Puzzle,,4:10:09,7,https://www.youtube.com/playlist?list=PLlNqyLg7AQBAgIrSztXbkjrk-r35_8V6Y,,,,,x,x,
PS4,Spyro the Dragon,Spyro Reignited Trilogy,Platformer,,8:57:46,9,https://www.youtube.com/playlist?list=PLlNqyLg7AQBADEZrr-Vx-6ontsX0Utr_A,,,,,x,x,
PS4,Spyro: Ripto's Rage,Spyro Reignited Trilogy,Platformer,,11:31:29,6,https://www.youtube.com/playlist?list=PLlNqyLg7AQBBbchOm1JJjn7Jlpqte6lxt,,,,,x,x,
PS4,Spyro: Year of the Dragon,Spyro Reignited Trilogy,Platformer,,13:06:00,7,https://www.youtube.com/playlist?list=PLlNqyLg7AQBCW9DmoHTwhe4HHiH8qGvLI,,,,,x,x,
PS4,The Bridge,,Puzzle,,5:00:00,5,https://youtu.be/3TekUXRUx-I,,,,,x,x,
PS4,The Last Guardian,,Action/Adventure,,5:12:39,8,https://youtu.be/Xhu0QjxfhpA,x,,,,x,x,
PS4,Until Dawn,,Interactive Story,,7:15:00,10,https://www.youtube.com/playlist?list=PLlNqyLg7AQBA4pvZA0kcQ1O01uvjxuxyf,,,,,x,x,
PS4,What Remains of Edith Finch,,Interactive Story,,2:19:11,7,https://youtu.be/avkberZeNYs,,,,,x,x,
PS4,WipEout Omega Collection,,Racing,,,,,,,,,x,,
PS4,Wreckfest,,Racing,,19:31:23,7,https://www.youtube.com/playlist?list=PLlNqyLg7AQBC_RqaAt8peXT6m4bgJPrpn,,,,,x,x,
PS4,Yooka-Laylee,,Platformer,,,,,,,,,x,,
PSP,Burnout Legends,,Racing,,,,,,,,,x,,
PSP,Daxter,,Platformer,,9:02:39,7,https://www.youtube.com/playlist?list=PLlNqyLg7AQBDeV5uRU9vghUKJ2FxQ23Sf,,,,,x,x,
PSP,Final Fantasy,,RPG,,,,,,,,,x,,
PSP,Final Fantasy II,,RPG,,,,,,,,,x,,
PSP,God of War: Chains of Olympus,,Action/Adventure,,,,,,,,,x,,
PSP,God of War: Ghost of Sparta,,Action/Adventure,,,,,,,,,x,,
PSP,Gran Turismo,,Racing,,14:03:53,6,https://www.youtube.com/playlist?list=PLlNqyLg7AQBDthJ6VYJGrgSoH1ykKbVc7,,,,,x,x,
PSP,MediEvil Resurrection,,Action/Adventure,,,,,,,,,x,,
PSP,Namco Museum: Battle Collection,,Arcade,,,,,,,,,x,,
PSP,Need for Speed Carbon - Own The City,,Racing,,,,,,,,,x,,
PSP,Prince of Persia: Rival Swords,,Action/Adventure,,,,,,,,,x,,
PSP,Ridge Racer,,Racing,,,,,,,,,x,,
PSP,Sonic Rivals 2,,Racing,,2:55:25,4,https://youtu.be/rcu2RU5RMLs,,,,,x,x,
PSP,Tokobot,,Platformer,,,,,,,,,x,,
PSP,Tom Clancy's Rainbow Six: Vegas,,Tactical FPS,,,,,,,,,x,,
PSP,Wipeout Pure,,Racing,,,,,,,,,x,,
Q&Q,Time Warp,,LCD,,Emulation?,,,,,,,,,
Saturn,Daytona USA,,Racing,,,,,,,,,x,,
Saturn,Fatal Fury Real Bout,,Fighting,,,,,,,,,x,,
Saturn,Fighters Megamix,,Fighting,,,,,,,,,x,,
Saturn,Hi-Octane,,Racing,,,,,,,,,x,,
Saturn,Nights into Dreams...,,Platformer,,,,,,,,,x,,
Saturn,Samurai Spirits: Zankuro Musōken,,Fighting,,,,,,,,,x,,
Saturn,Sega International Victory Goal,,Sports,,,,,,,,,x,,
Saturn,SEGA Rally Championship,,Racing,,0:40:50,10,https://youtu.be/y6uk4EJSeDU,,,,,x,x,
Saturn,Sega Sports: DecAthlete,,Sports,,0:48:19,8,https://youtu.be/KWOio4yVqOQ,,,,,x,x,
Saturn,Shockwave Assault,,Shooter,,,,,,,,,x,,
Saturn,The Mansion of Hidden Souls,,Adventure,,,,,,,,,x,,
Saturn,Virtua Fighter,,Fighting,,,,,,,,,x,,
Saturn,Virtua Fighter 2,,Fighting,,,,,,,,,x,,
Saturn,WanChai Connection,,Detective/Adventure,,15:37:39,3,https://www.youtube.com/playlist?list=PLlNqyLg7AQBBCSG70mOpzYmWtGqByTDHV,,,,,x,x,
Sega CD,Cobra Command,,Interactive Video,,,,,,,,,x,,
Sega CD,Road Avenger,,Interactive Video,,,,,,,,,x,,
Sega CD,Sol-Feace,,Shmup,,,,,,,,,x,,
Sega CD,Wolfchild,,Platformer,,,,,,,,,x,,
SMS,After Burner,,Shmup,,,,,,,,,x,,
SMS,Alex Kidd in Shinobi World,,Platformer,,,,,,,,,x,,
SMS,Asterix,,Platformer,,,,,,,,,x,,
SMS,Aztec Adventure,,Action/Adventure,,,,,,,,,x,,
SMS,Battle Out Run,,Racing,,4:18:09,4,https://youtu.be/2CTDoixQoJ8,,,,,x,x,
SMS,Castle of Illusion Starring Mickey Mouse,,Platformer,,,,,,,,,x,,
SMS,Champions of Europe,,Sports,,,,,,,,,x,,
SMS,Choplifter,,Shooter,,,,,,,,,x,,
SMS,Chuck Rock,,Platformer,,,,,,,,,x,,
SMS,Columns,,Puzzle,,,,,,,,,x,,
SMS,Enduro Racer,,Racing,,,,,,,,,x,,
SMS,Fantasy Zone,,Shmup,,1:25:14,7,https://youtu.be/YnU8txz7djA,,,,,x,x,
SMS,G-Loc Air Battle,,Shmup,,,,,,,,,x,,
SMS,Global Defense,,Shmup,,,,,,,,,x,,
SMS,Global Gladiators,,Platformer,,,,,,,,,x,,
SMS,Golden Axe,,Beat 'm Up,,,,,,,,,x,,
SMS,Hang On,,Racing,,,,,,,,,x,,
SMS,Indiana Jones and the Last Crusade,,Platformer,,0:56:26,5,https://youtu.be/ZT0K_Bfu8y4,,,,,x,x,
SMS,James Bond 007: The Duel,,Platformer,,3:53:35,7,https://youtu.be/wUbW9UY3fi0,,,,,x,x,
SMS,Master of Darkness,,Platformer,,,,,,,,,x,,
SMS,Michael Jackson's Moonwalker,,Platformer,,,,,,,,,x,,
SMS,Mortal Kombat,,Fighting,,,,,,,,,x,,
SMS,Rampage,,Arcade,,,,,,,,,x,,
SMS,Safari Hunt,,Shooter,,1:12:17,5,https://youtu.be/K4doTCx7Pug,,,,,x,x,
SMS,Shadow Dancer: The Secret of Shinobi,,Platformer,,,,,,,,,x,,
SMS,Shooting Gallery,,Shooter,,5:01:50,7,https://youtu.be/LjcGM_uXpKs,,,,,x,x,
SMS,Sonic The Hedgehog,,Platformer,,,,,,,,,x,,
SMS,Sonic The Hedgehog 2,,Platformer,,,,,,,,,x,,
SMS,Super Monaco GP,,Racing,,1:28:49,6,https://youtu.be/RqCogez_4cI,,,,,x,x,
SMS,Super Tennis,,Sports,,,,,,,,,x,,
SMS,Tennis Ace,,Sports,,,,,,,,,x,,
SMS,The Lucky Dime Caper starring Donald Duck,,Platformer,,,,,,,,,x,,
SMS,The Ninja,,Shmup,,,,,,,,,x,,
SMS,The Ottifants,,Platformer,,1:33:26,8,https://youtu.be/KK-6xd6M1q4,,,,,x,x,
SMS,The Terminator,,Platformer,,,,,,,,,x,,
SMS,Thunder Blade,,Shmup,,6:28:50,3,https://www.youtube.com/playlist?list=PLlNqyLg7AQBBNC75xwuH21K50quNvPvhV,,,,,x,x,
SMS,Tom & Jerry: The Movie,,Platformer,,0:19:06,7,https://youtu.be/sxQZcFQDKhg,,,,,x,x,
SMS,Wonder Boy III: The Dragon's Trap,,Platformer,,,,,,,,,x,,
SMS,World Soccer,,Sports,,,,,,,,,x,,
SNES,Addams Family Values,,Adventure,,7:30:00,6,https://youtu.be/ZHBOrapxl3A,,,,,x,x,
SNES,Aladdin,,Platformer,,,,,,,,,x,,
SNES,Art of Fighting,,Fighting,,0:44:41,7,https://youtu.be/ihvZaijKC2o,,,,,x,x,
SNES,Battletoads & Double Dragon,,Beat 'm Up,,,,,,,,,x,,
SNES,Cameltry,,Puzzle/Action,,,,,,,,,x,,
SNES,Chō Aniki Bakuretsu Rantō Hen,,Fighting,,1:09:19,4,https://youtu.be/zq1DRZzkrQw,,,,,x,x,
SNES,Choplifter III,,Shmup,,,,,,,,,x,,
SNES,Darius Twin,,Shmup,,,,,,,,,x,,
SNES,Donkey Kong Country,,Platformer,,,,,,Double (SNESmini),,,,,
SNES,Donkey Kong Country 2,,Platformer,,,,,,,,,x,,
SNES,Donkey Kong Country 3,,Platformer,,,,,,,,,x,,
SNES,Dragon Quest VI,,RPG,,,,,,,,,x,,
SNES,F-Zero,,Racing,,,,,,Double (SNESmini),,,,,
SNES,First Samurai,,Platformer,,,,,,,,,x,,
SNES,Hook,,Platformer,,,,,,,,,x,,
SNES,International Superstar Soccer,,Sports,,,,,,,,,x,,
SNES,Jerry Boy,,Platformer,,,,,,,,,x,,
SNES,Killer Instinct,,Fighting,,,,,,,,,x,,
SNES,Kirby's Dream Course,,Sports,,3:08:35,9,https://youtu.be/HEShz6HiPbU,,Double (SNESmini),,,,,
SNES,Mickey to Donald: Magical Adventure 3,,Platformer,,,,,,,,,x,,
SNES,Musya,,Platformer,,,,,,,,,x,,
SNES,NBA Jam,,Sports,,,,,,,,,x,,
SNES,Outlander,,Misc.,,,,,,,,,x,,
SNES,Pilotwings,,Flight Sim.,,6:40:09,6,https://www.youtube.com/playlist?list=PLlNqyLg7AQBAvJlUqeVQPsFyfTu14rxIB,,,,,x,x,
SNES,Plok,,Platformer,,,,,,,,,x,,
SNES,Pop'n Twinbee,,Shmup,,,,,,,,,x,,
SNES,Populous,,Sim.,,,,,,,,,x,,
SNES,Power Drive,,Racing,,,,,,,,,x,,
SNES,Power Moves,,Fighting,,,,,,,,,x,,
SNES,Power Rangers,,Beat 'm Up,,,,,,,,,x,,
SNES,Prime Goal 3,,Sports,,,,,,,,,x,,
SNES,Road Riot 4WD,,Racing,,,,,,,,,x,,
SNES,Rockman 7,,Platformer,,,,,,,,,x,,
SNES,Spindizzy Worlds,,Puzzle/Action,,,,,,,,,x,,
SNES,Starwing (EU Starfox),,Shmup,,,,,,Double (SNESmini),,,,,
SNES,Street Fighter II,,Fighting,,,,,,,,,x,,
SNES,Street Fighter II Turbo,,Fighting,,,,,,,,,x,,
SNES,Stunt Race FX,,Racing,,,,,,,,,x,,
SNES,Super Bomber Man,,Action,,,,,,,,,x,,
SNES,Super Ghouls 'n Ghosts,,Platformer,,5:33:07,8,https://www.youtube.com/playlist?list=PLlNqyLg7AQBCzq9taSISJ6x-AJ4x91HYI,,Double (SNESmini),,,,,
SNES,Super Mario Kart,,Racing,,,,,,Double (SNESmini),,,,,
SNES,Super Mario World,,Platformer,,3:00:00,8,https://youtu.be/mJ0_FXz3_yY,,Double (SNESmini),,,,,
SNES,Super Mario World 2: Yoshi's Island,,Platformer,,,,,,Double (SNESmini),,,,,
SNES,Super Puyo Puyo,,Puzzle,,,,,,,,,x,,
SNES,Super Soccer Champ,,Sports,,,,,,,,,x,,
SNES,Super Star Wars,,Platformer,,,,,,,,,x,,
SNES,Super SWIV,,Shmup,,,,,,,,,x,,
SNES,The Combatribes,,Beat 'm Up,,,,,,,,,x,,
SNES,The King of Rally,,Racing,,2:20:00,6,https://youtu.be/YCsrmVJyGdg,,,,,x,x,
SNES,The Legend of Zelda: A Link To The Past,,Action/Adventure,,13:39:19,8,https://www.youtube.com/playlist?list=PLlNqyLg7AQBCT049fE17v_Tm06oUfX_dK,,Double (SNESmini),,,,,
SNES,The Lion King,,Platformer,,,,,,,,,x,,
SNES,Tiny Toons: Buster Busts Loose!,,Platformer,,,,,,,,,x,,
SNES,TMNT IV - Turtles In Time,,Beat 'm Up,,,,,,,,,x,,
SNES,Top Gear,,Racing,,,,,,,,,x,,
SNES,U.N. Squadron,,Shmup,,1:13:20,8,https://youtu.be/a3XmgQtlnXs,,,,,x,x,
SNES,Wing Commander,,Space Sim.,,,,,,,,,x,,
SNES Mini,Contra III: The Alien Wars,,Shooter/Platfomer,,3:33:24,7,https://youtu.be/OGnIkrSFfeo,,,,,x,x,
SNES Mini,Donkey Kong Country,,Platformer,,,,,,,,,x,,
SNES Mini,Earthbound,,RPG,,,,,,,,,x,,
SNES Mini,F-Zero,,Racing,,,,,,,,,x,,
SNES Mini,Final Fantasy III,,RPG,,,,,,,,,x,,
SNES Mini,Kirby Super Star,,Platformer,,,,,,,,,x,,
SNES Mini,Kirby's Dream Course,,Sports,,3:08:35,9,https://youtu.be/HEShz6HiPbU,,,,,x,x,
SNES Mini,Mega Man X,,Platformer,,,,,,,,,x,,
SNES Mini,Secret of Mana,,RPG,,,,,,,,,x,,
SNES Mini,Star Fox,,Shmup,,,,,,,,,x,,
SNES Mini,Star Fox 2,,Shmup,,,,,,,,,x,,
SNES Mini,Street Fighter II Turbo: Hyper Fighting,,Fighting,,,,,,,,,x,,
SNES Mini,Super Castlevania IV,,Platformer,,3:56:47,8,https://youtu.be/LpgTi26d9Hg,,,,,x,x,
SNES Mini,Super Ghouls 'N Ghosts,,Platformer,,5:33:07,8,https://www.youtube.com/playlist?list=PLlNqyLg7AQBCzq9taSISJ6x-AJ4x91HYI,,,,,x,x,
SNES Mini,Super Mario Kart,,Racing,,,,,,,,,x,,
SNES Mini,Super Mario RPG: The Legend of the Seven Stars,,RPG,,,,,,,,,x,,
SNES Mini,Super Mario World,,Platformer,,3:00:00,8,https://youtu.be/mJ0_FXz3_yY,,,,,x,x,
SNES Mini,Super Mario World 2: Yoshi's Island,,Platformer,,,,,,,,,x,,
SNES Mini,Super Metroid,,Adventure/Platformer,,,,,,,,,x,,
SNES Mini,Super Punch-Out!!,,Sports,,,,,,,,,x,,
SNES Mini,The Legend of Zelda: A Link to the Past,,Action/Adventure,,13:39:19,8,https://www.youtube.com/playlist?list=PLlNqyLg7AQBCT049fE17v_Tm06oUfX_dK,,,,,x,x,
Switch,Cruis'n Blast,,Racing,,5:20:36,8,https://www.youtube.com/playlist?list=PLlNqyLg7AQBBdps7dk6_wpHfwOz2vYK-R,,,,,x,x,
Switch,Golf Story,,RPG/Sports,,18:06:41,7,https://www.youtube.com/playlist?list=PLlNqyLg7AQBBM2cJawazyxFW3yFd4BtSy,,,,,x,x,
Switch,Harvest Moon: Light of Hope Special Edition,,RPG,,31:29:21,3,https://www.youtube.com/playlist?list=PLlNqyLg7AQBB_tnTTyfKGXEuGbRhY8-Tj,,,,,x,x,
Switch,Mahjong Deluxe 3,,Puzzle,,,,,,,,,x,,
Switch,Metroid Dread,,Metroidvania,,11:25:55,8,https://www.youtube.com/playlist?list=PLlNqyLg7AQBDQMh-BuIfE5fvsKfuIpn_M,,,,,x,x,
Switch,No More Heroes: Travis Strikes Back,,Action,,10:02:28,7,https://www.youtube.com/playlist?list=PLlNqyLg7AQBBwB2lbVsyWpsWF4V4UJry5,,,,,x,x,
Switch,Pode,,Puzzle,,5:43:42,7,https://www.youtube.com/playlist?list=PLlNqyLg7AQBAZtma2A-o6uEG2pM1kv-WN,,,,,x,x,
Switch,Pokémon Let's Go Eevee!,,RPG,,20:14:35,9,https://www.youtube.com/playlist?list=PLlNqyLg7AQBCjGDkQKrIwd4KmqrovCEMh,,,,,x,x,
Switch,Pokémon Mystery Dungeon: Rescue Team DX,,Roguelike,,14:23:06,8,https://www.youtube.com/playlist?list=PLlNqyLg7AQBCR_GmwbtPXmDX_iD-Sy32v,,,,,x,x,
Switch,Super Mario Maker 2,,Platformer,,5:16:13,8,https://www.youtube.com/playlist?list=PLlNqyLg7AQBBTxnU-v5Avir5hydO3_Ajk,,,,,x,x,
Switch,Super Mario Odyssey,,Platformer,,12:28:48,9,https://www.youtube.com/playlist?list=PLlNqyLg7AQBCS-lyuUIcMQAcaBKfRfPfX,,,,,x,x,
Switch,Yu-Gi-Oh! Legacy of the Duelist -Link Evolution-,,Cardgame,,,,,,,,,x,,
Tiger,Smurf,,LCD,,Emulation?,,,,,,,,,
Wii,Blast Works,,Shmup,,,,,,,,,x,,
Wii,Call of Duty 3,,FPS,,,,,,,,,x,,
Wii,De Blob,,Platformer,,,,,,,,,x,,
Wii,Deadly Creatures,,Adventure,,,,,,,,,x,,
Wii,Disaster: Day of Crisis,,Action/Shooter,,,,,,,,,x,,
Wii,Donkey Kong Country Returns,,Platformer,,8:14:15,8,https://www.youtube.com/playlist?list=PLlNqyLg7AQBCV0DAwo5EV1swYCA6fhIuc,,,,,x,x,
Wii,Geometry Wars: Galaxies,,Shmup,,,,,,,,,x,,
Wii,Guitar Hero: Metallica,,Rythm,,Not allowed on Twitch,,,,,,,,,
Wii,Guitar Hero: World Tour (complete band),,Rythm,,Not allowed on Twitch,,,,,,,,,
Wii,Hot Wheels: Beat That!,,Racing,,16:06:53,4,https://www.youtube.com/playlist?list=PLlNqyLg7AQBCR4NHrn6NpHqhK9NYl9GAt,,,,,x,x,
Wii,Kirby's Adventure Wii,,Platformer,,,,,,,,,x,,
Wii,Kirby's Epic Yarn,,Platformer,,4:19:06,8,https://youtu.be/JKkhEifnBV0,,,,,x,x,
Wii,Klonoa,,Platformer,,,,,,,,,x,,
Wii,MadWorld,,Beat 'm Up,,,,,,,,,x,,
Wii,Mario Kart Wii,,Racing,,8:01:37,8,https://www.youtube.com/playlist?list=PLlNqyLg7AQBCxYisNBNpADoz7hmXHOSqH,,,,,x,x,
Wii,Mario Party 8,,Party,,,,,,,,,x,,
Wii,Mercury Meltdown Revolution,,Arcade,,15:40:05,8,https://www.youtube.com/playlist?list=PLlNqyLg7AQBDRf28MaSt1eb6PeGm5S0v-,,,,,x,x,
Wii,Metroid Prime,,Adventure/FPS,,,,,,,,,x,,
Wii,Metroid Prime 2: Echoes,,Adventure/FPS,,,,,,,,,x,,
Wii,Metroid Prime 3: Corruption,,Adventure/FPS,,16:50:01,8,https://www.youtube.com/playlist?list=PLlNqyLg7AQBDg8EMuJ5f1lqUQQqyxN4D3,,,,,x,x,
Wii,Metroid: Other M,,Adventure/Platformer,,,,,,,,,x,,
Wii,Monster 4x4 World Circuit,,Racing,,,,,,,,,x,,
Wii,Muramasa: The Demon Blade,,Beat 'm Up,,,,,,,,,x,,
Wii,Mushroom Men: The Spore Wars,,Platformer,,5:12:55,7,https://www.youtube.com/playlist?list=PLlNqyLg7AQBAldh6l5AxBz0XSK3zg8hAj,,,,,x,x,
Wii,Need For Speed: Nitro,,Racing,,12:40:14,6,https://www.youtube.com/playlist?list=PLlNqyLg7AQBBLDXI_Kjc_8q9oHkENLhuA,,,,,x,x,
Wii,Need For Speed: Undercover,,Racing,,,,,,,,,x,,
Wii,New Super Mario Brothers Wii,,Platformer,,,,,,,,,x,,
Wii,No More Heroes,,Beat 'm Up,,,,,,,,,x,,
Wii,No More Heroes 2: Desperate Struggle,,Beat 'm Up,,,,,,,,,x,,
Wii,Ōkami,,Adventure,,,,,,,,,x,,
Wii,Rampage: Total Destruction,,Beat 'm Up,,,,,,,,,x,,
Wii,Rayman Raving Rabbids,,Party,,,,,,,,,x,,
Wii,Shaun White Snowboarding: Road Trip,,Sports,,2:28:01,7,https://youtu.be/FLCdzDoh6Yg,,,,,x,x,
Wii,Sin And Punishment: Successor Of The Skies,,Shmup,,,,,,,,,x,,
Wii,Sonic Colours,,Platformer,,,,,,,,,x,,
Wii,Super Mario Galaxy,,Platformer,,,,,,,,,x,,
Wii,Super Mario Galaxy 2,,Platformer,,,,,,,,,x,,
Wii,Super Paper Mario,,RPG,,,,,,,,,x,,
Wii,Super Smash Brothers: Brawl,,Fighting,,10:13:57,8,https://www.youtube.com/playlist?list=PLlNqyLg7AQBBjU7yg9NmYNN3kKYkCE31m,,,,,x,x,
Wii,Tatsunoko Vs. Capcom,,Fighting,,,,,,,,,x,,
Wii,The Conduit,,FPS,,,,,,,,,x,,
Wii,The Legend of Zelda: Skyward Sword,,Adventure,,,,,,,,,x,,
Wii,The Legend of Zelda: Twilight Princess,,Adventure,,28:41:48,9,,,,,,x,x,
Wii,Tony Hawk: Shred,,Sports,,,,,,,,,x,,
Wii,Trauma Center: New Blood,,Puzzle/Action,,12:35:01,8,https://www.youtube.com/playlist?list=PLlNqyLg7AQBC6dz4nHcF4ErPdyf7-1AZs,,,,,x,x,
Wii,Urban Extreme - Street Rage,,Racing,,,1,https://www.youtube.com/playlist?list=PLlNqyLg7AQBBkR_P6emDH8IXS88H9MBTx,,"Added back to the list, may have found exploit",,,x,,
Wii,Wario Land: The Shake Dimention,,Platformer,,,,,,,,,x,,
Wii,Wii Sports,,Sports,,,,,,,,,x,,
Wii,Xenoblade Chronicles,,RPG,,,,,,,,,x,,
Wii U,Captain Toad: Treasure Tracker,,Puzzle/Adventure,,,,,,,,,x,,
Wii U,Donkey Kong Country Tropical Freeze,,Platformer,,,,,,,,,x,,
Wii U,Kirby and the Rainbow Paintbrush,,Action/Puzzle,,,,,,,,,x,,
Wii U,Legend of Kay Anniversary,,Adventure,,,,,,,,,x,,
Wii U,Mario Kart 8,,Racing,,,,,,,,,x,,
Wii U,New Super Luigi U,,Platformer,,,,,,,,,x,,
Wii U,New Super Mario Bros. U,,Platformer,,,,,,,,,x,,
Wii U,Pokkén Tournament,,Fighting,,,,,,,,,x,,
Wii U,Rayman Legends,,Platformer,,,,,,,,,x,,
Wii U,Skylanders: Imaginators,,Action/Adventure,,,,,,,,,x,,
Wii U,Skylanders: Superchargers,,Action/Adventure,,10:58:17,4,https://www.youtube.com/playlist?list=PLlNqyLg7AQBA8fFFO9EmUjas8gIlJW8-S,,,,,x,x,
Wii U,Star Fox Zero,,Shmup,,,,,,,,,x,,
Wii U,Super Mario 3D World,,Platformer,,7:30:01,9,https://www.youtube.com/playlist?list=PLlNqyLg7AQBB_VxtTw6FDar8u6jgzDj9P,,,,,x,x,
Wii U,Super Mario Maker,,Platformer,,,,,,,,,x,,
Wii U,Super Smash Bros. for Wii U,,Fighting,,,,,,,,,x,,
Wii U,The Wonderful 101,,Beat 'm Up,,,,,,,,,x,,
Wii U,Yoshi's Woolly World,,Platformer,,,,,,,,,x,,
Wii U,ZombiU,,Survival Horror,,,,,,,,,x,,
Wii VC,Super Mario RPG: Legend Of The Seven Stars,,RPG,,,,,,,,,x,,
WiiWare,Castlevania: The Adventure ReBirth,,Platformer,,,,,,,,,x,,
WiiWare,Mega Man 9,,Platformer,,2:48:11,8,https://youtu.be/eeuWSSMEvo0,,,,,x,x,
XB360,AMY,,Survival Horror,,6:08:14,4,https://www.youtube.com/playlist?list=PLlNqyLg7AQBBqe_dpF6HEVUfRoJCnwBcE,,,,,x,x,
XB360,Assassin's Creed,,Action Adventure,,28:43:59,3,https://www.youtube.com/playlist?list=PLlNqyLg7AQBD7BDPm5RpBhCgffRdJ_UyN,,,,,x,x,
XB360,Battlefield: Bad Company 2,,FPS,,,,,,,,,x,,
XB360,Brave: The Video Game,,Action Adventure,,4:50:39,7,https://www.youtube.com/playlist?list=PLlNqyLg7AQBBwXfIJdsJDklGrIAUxWQjk,x,https://youtu.be/8oqB7_nO6kk,,,x,x,
XB360,Burnout Paradise,,Racing,,8:57:50,6,https://www.youtube.com/playlist?list=PLlNqyLg7AQBCbSCisoEZ25V82nFEXWTFl,,,,,x,x,
XB360,Call of Duty: Ghosts,,FPS,,,,,,,,,x,,
XB360,Call of Duty: Modern Warfare 2,,FPS,,,,,,,,,x,,
XB360,Cars 2,,Racing,,5:03:57,3,https://youtu.be/DHwt9n2LFhA,,,,,x,x,
XB360,Castlevania: Lords of Shadow - Mirror of Fate HD,,Adventure/Platformer,,9:47:16,6,https://www.youtube.com/playlist?list=PLlNqyLg7AQBA9gg6QHJQmK2wgdQf-gkDq,,,,,x,x,
XB360,Comic Jumper,,Shmup,,5:13:13,3,https://www.youtube.com/playlist?list=PLlNqyLg7AQBCRvuyv5pO-IwZDMsTDYOiz,,,,,x,x,
XB360,Costume Quest,,RPG,,5:00:59,6,https://www.youtube.com/playlist?list=PLlNqyLg7AQBCMvlgfXWVinDfkWKFJPkLl,,,,,x,x,
XB360,Crysis 2,,FPS,,11:02:52,7,https://www.youtube.com/playlist?list=PLlNqyLg7AQBB_nFutzT8W74n-yVQzcyAc,,,,,x,x,
XB360,Dark Souls II,,Action/Adventure,,,,,,,,,x,,
XB360,Deus Ex: Human Revolution,,Action Adventure,,,,,,,,,x,,
XB360,Dirt Showdown,,Racing,,,,,,,,,x,,
XB360,Fallout New Vegas,,Open World RPG,,,,,,,,,x,,
XB360,Far Cry 2,,FPS,,,,,,,,,x,,
XB360,FIFA 11,,Sports,,,,,,,,,x,,
XB360,Forza Horizon,,Racing,,,,,,,,,x,,
XB360,Forza Motorsport 2,,Racing,,,,,,,,,x,,
XB360,Forza Motorsport 3,,Racing,,,,,,,,,x,,
XB360,Gears of War 2,,FPS,,8:18:58,7,https://www.youtube.com/playlist?list=PLlNqyLg7AQBBABKmEBUKUfp2juML-I9Hd,,,,,x,x,
XB360,Gears of War 3,,FPS,,8:59:43,7,https://www.youtube.com/playlist?list=PLlNqyLg7AQBDMeZg9klYVfX3VmShQlAzD,,,,,x,x,
XB360,Joy Ride Turbo,,Racing,,1:57:00,5,https://youtu.be/CVoIR5W6eBo,,,,,x,x,
XB360,JuJu,,Platformer,,5:24:45,6,https://www.youtube.com/playlist?list=PLlNqyLg7AQBBfp4pGk0SGQ7j0gl_NIQKs,,,,,x,x,
XB360,Kinect Adventures!,,Misc.,,,,,,,,,x,,
XB360,Lost Planet 2,,Shooter,,,,,,,,,x,,
XB360,Prototype,,Action/Adventure,,,,,,,,,x,,
XB360,Resident Evil 2: Revelations,,Survival Horror,,,,,,,,,x,,
XB360,Slender: The Arrival,,Survival Horror,,,,,,,,,x,,
XB360,Sonic & All-Stars Racing Transformed,,Racing,,14:58:28,8,https://www.youtube.com/playlist?list=PLlNqyLg7AQBChKRJwo2klWV4BeMBenOBV,,,,,x,x,
XB360,Sonic The Hedgehog,,Platformer,,,,,,,,,x,,
XB360,The Elder Scrolls V: Skyrim,,Open World RPG,,20:42:00,6,https://www.youtube.com/playlist?list=PLlNqyLg7AQBB6tho5hmlckym4Qkbf5lxG,,,,,x,x,
XB360,The Lord of the Rings: The Battle for Middle-Earth II,,RTS,,,,,,,,,x,,
XB360,The Secret of Monkey Island: Special Edition,,Adventure,,9:57:06,7,https://www.youtube.com/playlist?list=PLlNqyLg7AQBCyJUxxoZM3aWN1hJ02jG_n,,,,,x,x,
XB360,Tom Clancy's: Splinter Cell Conviction,,Stealth Shooter,,,,,,,,,x,,
XB360,Torchlight,,Action RPG,,9:40:57,5,https://www.youtube.com/playlist?list=PLlNqyLg7AQBDPFCPMoYsuJ5bLk7oViCyo,,,,,x,x,
XB360,Transformers: Dark of the Moon,,Action/Adventure,,,,,,,,,x,,
XB360,Turok,,FPS,,,,,,,,,x,,
XBONE,Adventure Time: Pirates of the Enchiridion,,RPG,,9:33:41,2,https://www.youtube.com/playlist?list=PLlNqyLg7AQBA-630Fdcw2WYz3fPGOyNku,,,,,x,x,
XBONE,Atic Atac,Rare Replay,Adventure,,,,,,,,,x,,
XBONE,Assassin's Creed Chronicles: China,,Action Adventure,,9:54:50,5,https://www.youtube.com/playlist?list=PLlNqyLg7AQBAg9ryOvwS5vnQflJJKBczY,,,,,x,x,
XBONE,Back To The Future: The Game,,Adventure,,13:38:36,6,https://www.youtube.com/playlist?list=PLlNqyLg7AQBBpnsOZZtpHOJKX2qzr40Pp,,,,,x,x,
XBONE,Banjo-Kazooie,Rare Replay,Platformer,,,,,,,,,x,,
XBONE,Banjo-Kazooie: Nuts & Bolts,Rare Replay,Platformer,,,,,,,,,x,,
XBONE,Banjo-Tooie,Rare Replay,Platformer,,,,,,,,,x,,
XBONE,Battletoads,Rare Replay,Platformer,,,,,,,,,x,,
XBONE,Battletoads Arcade,Rare Replay,Beat 'm Up,,,,,,,,,x,,
XBONE,Blast Corps,Rare Replay,Action/Adventure,,,,,,,,,x,,
XBONE,Cobra Triangle,Rare Replay,Action/Racing,,0:55:15,5,https://youtu.be/1KMN1Z7lmm4,,,,,x,x,
XBONE,Conker's Bad Furday,Rare Replay,Platformer,,,,,,,,,x,,
XBONE,Digger T. Rock,Rare Replay,Platformer,,,,,,,,,x,,
XBONE,DOOM,,FPS,,,,,,,,,x,,
XBONE,FIFA 16,,Sports,,,,,,,,,x,,
XBONE,Forza Horizon 3,,Racing,,x,7,x,,I finished these not too long before ,,,,,
XBONE,Forza Horizon 4,,Racing,,x,7,x,,"I started my challenge, and they're",,,,,
XBONE,Forza Horizon 5,,Racing,,44:10:40,7,https://www.youtube.com/playlist?list=PLlNqyLg7AQBBok0lsjfTgNAZ8GdBrgIx4,,,,,x,x,
XBONE,Forza Motorsport 7,,Racing,,x,6,x,,too long to play again so soon.,,,,,
XBONE,Gone Home: Console Editon,,Adventure,,2:58:20,2,https://youtu.be/pOXCEj6ipbs,,,,,x,x,
XBONE,Grabbed by the Ghoulies,Rare Replay,Action Adventure,,,,,,,,,x,,
XBONE,Grow Up,,Action Adventure,,7:45:55,7,https://www.youtube.com/playlist?list=PLlNqyLg7AQBCY0-ndTY0pYYi3GyAN6EeK,,,,,x,x,
XBONE,Gunfright,Rare Replay,Adventure/Shooter,,,,,,,,,x,,
XBONE,Heavy Weapon: Atomic Tank,,Shmup,,3:15:00,5,https://youtu.be/xWxXavyZdh4,,,,,x,x,
XBONE,Inside,,Puzzle Platformer,,3:27:02,9,https://youtu.be/FWM611pnYE8,,,,,x,x,
XBONE,Jet Force Gemini,Rare Replay,Adventure/Shooter,,19:31:36,7,https://www.youtube.com/playlist?list=PLlNqyLg7AQBCXLZqgXqaRiDC1y5qMwDnz,,,,,x,x,
XBONE,Jetpac,Rare Replay,Arcade,,,,,,,,,x,,
XBONE,Jetpac Refuelled,Rare Replay,Arcade,,,,,,,,,x,,
XBONE,Kameo: Elements of Power,Rare Replay,Action/Adventure,,,,,,,,,x,,
XBONE,Killer Instinct 2 Classic,,Fighting,,,,,,,,,x,,
XBONE,Killer Instinct Gold,Rare Replay,Fighting,,,,,,,,,x,,
XBONE,Knight Lore,Rare Replay,Adventure,,,,,,,,,x,,
XBONE,Lunar Jetman,Rare Replay,Arcade,,,,,,,,,x,,
XBONE,Megaman 11,,Platformer,,7:09:24,6,https://www.youtube.com/playlist?list=PLlNqyLg7AQBDFwyXOkSY9JwKxTKc7BQrd,,,,,x,x,
XBONE,Minecraft,,Open World,,,,,,,,,x,,
XBONE,Never Alone,,Platformer,,2:24:24,5,https://youtu.be/eYqAi31yWE4,x,https://youtu.be/kGLpwMjKTb0,,,x,x,
XBONE,Ori and the Will of the Wisps,,Platformer,,17:05:36,8,https://www.youtube.com/playlist?list=PLlNqyLg7AQBBICeezVM3AWduNCwEVNypO,,,,,x,x,
XBONE,Perfect Dark,Rare Replay,FPS,,,,,,,,,x,,
XBONE,Perfect Dark Zero,Rare Replay,FPS,,,,,,,,,x,,
XBONE,R.C. Pro-Am,Rare Replay,Racing,,,,,,,,,x,,
XBONE,R.C. Pro-Am II,Rare Replay,Racing,,1:48:44,3,https://youtu.be/5G9elcm2EW8,,,,,x,x,
XBONE,Saber Wulf,Rare Replay,Adventure,,,,,,,,,x,,
XBONE,Shantae: Half-Genie Hero,,Platformer,,8:05:59,7,https://www.youtube.com/playlist?list=PLlNqyLg7AQBBsy-12lSxmQt6a6huCKlRt,,,,,x,x,
XBONE,Slalom,Rare Replay,Sports,,,,,,,,,x,,
XBONE,Slayaway Camp: Butcher's Cut,,Puzzle,,8:46:21,7,https://www.youtube.com/playlist?list=PLlNqyLg7AQBCXTywPcqdX82YXkY5EUy75,,,,,x,x,
XBONE,Snake Rattle N Roll,Rare Replay,Platformer,,,,,,,,,x,,
XBONE,Solar Jetman,Rare Replay,Adventure,,7:54:21,7,https://www.youtube.com/playlist?list=PLlNqyLg7AQBBksiBQnsU_Z1083v7Nz_DH,,,,,x,x,
XBONE,Sonic Mania Plus,,Platformer,,,,,,,,,x,,
XBONE,Tembo The Badass Elephant,,Platformer,,4:19:30,6,https://www.youtube.com/playlist?list=PLlNqyLg7AQBAkd7nCKQEI2IFHFd6QYoWe,,,,,x,x,
XBONE,The Turing Test,,Puzzle Platformer,,5:20:18,7,https://youtu.be/9gXEpoTiiMU,,,,,x,x,
XBONE,The Witness,,Puzzle/Adventure,,19:28:36,8,https://youtu.be/-_ciO2S_5vE,,,,,x,x,
XBONE,Underwurlde,Rare Replay,Platformer,,,,,,,,,x,,
XBONE,Viva Piñata,Rare Replay,Virtual Pet,,50:00:00,8,https://www.youtube.com/playlist?list=PLlNqyLg7AQBAe9-dKYG2SKECcA-OnGPoW,,,,,x,x,
XBONE,Viva Piñata: Trouble in Paradise,Rare Replay,Virtual Pet,,,,,,,,,x,,
XBONE,Wolfenstein: The Old Blood,,FPS,,,,,,,,,x,,
XBONE,WRC 6,,Racing,,17:53:24,5,https://www.youtube.com/playlist?list=PLlNqyLg7AQBBfshTFTow6mUjyD_pY-YXc,,,,,x,x,
XBOX,007: Everything or Nothing,,Shooter,,,,,,,,,x,,
XBOX,Alien Hominid,,Shmup,,,,,,,,,x,,
XBOX,Amped (Freestyle Snowboarding),,Sports,,,,,,,,,x,,
XBOX,Blinx: The Time Sweeper,,Platformer,,,,,,,,,x,,
XBOX,Blood Omen 2,,Action/Adventure,,,,,,,,,x,,
XBOX,Brothers In Arms: Earned in Blood,,FPS,,,,,,,,,x,,
XBOX,Brothers In Arms: Road To Hill 30,,FPS,,,,,,,,,x,,
XBOX,Burnout 3: Takedown,,Racing,,,,,,,,,x,,
XBOX,Commandos 2: Men of Courage,,RTS,,,,,,,,,x,,
XBOX,Crash Bandicoot: Wrath of Cortex,,Platformer,,,,,,,,,x,,
XBOX,Dino Crisis 3,,Survival Horror,,,,,,,,,x,,
XBOX,FarCry Instincts Evolution,,FPS,,,,,,,,,x,,
XBOX,FIFA 06,,Sports,,,,,,,,,x,,
XBOX,FIFA Football 2005,,Sports,,,,,,,,,x,,
XBOX,Ghost Recon 2 ,,FPS,,,,,,,,,x,,
XBOX,Grand Theft Auto III,,Open World,,,,,,,,,x,,
XBOX,Grand Theft Auto: San Andreas,,Open World,,,,,,,,,x,,
XBOX,Grand Theft Auto: Vice City,,Open World,,,,,,,,,x,,
XBOX,Half-Life 2,,FPS,,,,,,,,,x,,
XBOX,HALO: Combat Evolved,,FPS,,,,,,,,,x,,
XBOX,Magic The Gathering: Battlegrounds,,RTS,,,,,,,,,x,,
XBOX,Mechassault,,Mech Fighting,,,,,,,,,x,,
XBOX,Medal of Honor: Rising Sun,,FPS,,,,,,,,,x,,
XBOX,Midtown Madness 3,,Racing,,8:03:58,9,https://www.youtube.com/playlist?list=PLlNqyLg7AQBBzpVnTgL3WE5LEiLdby4QB,,,,,x,x,
XBOX,NBA Live 2005,,Sports,,,,,,,,,x,,
XBOX,Need For Speed: Most Wanted,,Racing,,,,,,,,,x,,
XBOX,New Legends,,Action/Adventure,,,,,,,,,x,,
XBOX,NHL Rivals 2004,,Sports,,,,,,,,,x,,
XBOX,Ninja Gaiden,,Platformer,,,,,,,,,x,,
XBOX,Oddworld Munch's Oddysee,,Action/Adventure,,,,,,,,,x,,
XBOX,OutRun 2,,Racing,,,,,,,,,x,,
XBOX,Project Gotham Racing 2,,Racing,,23:51:53,7,https://www.youtube.com/playlist?list=PLlNqyLg7AQBAXkb1-eATrXzODVCAcjcQ2,,,,,x,x,
XBOX,Rainbow Six 3,,FPS,,,,,,,,,x,,
XBOX,Rainbow Six Lockdown,,FPS,,,,,,,,,x,,
XBOX,RalliSport Challenge,,Racing,,,,,,,,,x,,
XBOX,Return to Castle Wolfenstein: Tides of War,,FPS,,,,,,,,,x,,
XBOX,Secret Weapons over Normandy,,Flight Sim.,,,,,,,,,x,,
XBOX,SEGA GT Online,,Racing,,,,,,,,,x,,
XBOX,Silent Hill 4: The Room,,Survival Horror,,15:17:52,5,https://www.youtube.com/playlist?list=PLlNqyLg7AQBDCd8WEfc6esvt5v-n6tPAU,,,,,x,x,
XBOX,Sonic Heroes,,Platformer,,19:25:30,2,https://www.youtube.com/playlist?list=PLlNqyLg7AQBDP_ZEXwclkOOPEGyJKssSQ,,,,,x,x,
XBOX,Spider-man,,Action/Adventure,,,,,,,,,x,,
XBOX,Splinter Cell,,Stealth Shooter,,,,,,,,,x,,
XBOX,Splinter Cell: Pandora Tomorrow,,Stealth Shooter,,,,,,,,,x,,
XBOX,SSX On Tour,,Sports,,,,,,,,,x,,
XBOX,SSX Tricky,,Sports,,,,,,,,,x,,
XBOX,Star Wars: Knights of the Old Republic,,RPG,,,,,,,,,x,,
XBOX,Star Wars: Obi-Wan,,Action/Adventure,,,,,,,,,x,,
XBOX,Star Wars: Republic Commando,,Action/Adventure,,,,,,,,,x,,
XBOX,TD Overdrive,,Racing,,5:13:05,3,https://youtu.be/PEA7WaRyS5I?list=PLlNqyLg7AQBBeMREnauxdro9QD2kQR_Hk,,,,,x,x,
XBOX,The Godfather,,Open World,,,,,,,,,x,,
XBOX,The Lord of the Rings: The Two Towers,,Action/Adventure,,4:35:53,6,https://youtu.be/6TwQrnDEzRg,,,,,x,x,
XBOX,The Warriors,,Action,,,,,,,,,x,,
XBOX,Toejam & Earl III: Mission to Earth,,Action/Adventure,,,,,,,,,x,,
XBOX,Tony Hawk's Pro Skater 4,,Sports,,,,,,,,,x,,
XBOX,Ty the Tasmanian Tiger,,Platformer,,11:08:49,7,https://youtu.be/iYutrQabN_g,,,,,x,x,
XBOX,Unreal Championship,,FPS,,4:26:57,5,https://youtu.be/zLkQVAsnKP4,,,,,x,x,
XBOX,Vexx,,Action/Adventure,,,,,,,,,x,,
XBOX,Whiplash,,Platformer,,,,,,,,,x,,
XBOX,World Racing,,Racing,,,,,,,,,x,,
XBOX,Wreckless: The Yakuza Missions,,Racing,,,,,,,,,x,,
XBOX,XIII,,FPS,,,,,,,,,x,,
,,,,,2595:04:50,,,,,,,,,
,,,,,,,,,,,,,,
,,,,,,,,,,,,,,1091
,,,,,,,,,,,,,,
,,,,,375,/,1466,,,,,,,